nome,idade,anos_pm,fase,sinalizador_ingressante,pedra,inde,iaa,ieg,ips,ida,ipp,ipv,ian,defasagem,sexo,corraca,bolsista_encoded,ponto_virada_encoded,pedra_encoded,fase_ideal,rec_equipe_1_resultado,rec_equipe_2_resultado,rec_equipe_3_resultado,rec_equipe_4_resultado,rec_equipe_1_resultado_encoded,rec_equipe_2_resultado_encoded,rec_equipe_3_resultado_encoded,rec_equipe_4_resultado_encoded,rec_sintese
ALUNO-1,12.0,3.0,2,Ingressante,Ametista,7.319,7.5,6.3,6.9,8.8,7.7,8.1,5.0,-1.0,F,R,1,0,3,3.0,Positivo,Positivo,Neutro,,1.0,1.0,0.0,,1.0
ALUNO-3,13.0,3.0,3,Veterano,Ametista,7.021,7.1,6.9,6.3,5.6,7.3,7.2,10.0,0.0,F,B,0,0,3,3.0,Positivo,Positivo,Neutro,,1.0,1.0,0.0,,1.0
ALUNO-5,11.0,2.0,2,Veterano,Ametista,7.399,7.4,7.5,7.5,5.4,8.5,7.4,10.0,0.0,M,R,0,0,3,2.0,Positivo,Neutro,Neutro,,1.0,0.0,0.0,,0.0
ALUNO-8,15.0,4.0,5,Veterano,Topázio,8.269,8.8,8.6,7.5,7.1,8.0,8.5,10.0,0.0,F,R,1,0,4,5.0,Positivo,Positivo,Positivo,Neutro,1.0,1.0,1.0,0.0,1.0
ALUNO-11,9.0,1.0,1,Veterano,Topázio,8.990,9.0,10.0,6.3,8.8,7.7,9.7,10.0,0.0,M,R,1,1,4,1.0,Positivo,Neutro,Neutro,,1.0,0.0,0.0,,0.0
ALUNO-13,9.0,0.0,0,Ingressante,Quartzo,3.413,8.0,0.0,7.5,0.8,0.0,6.0,5.0,-1.0,F,B,0,0,1,1.0,,,,,,,,,
ALUNO-17,14.0,3.0,1,Veterano,Ágata,6.140,9.5,4.2,7.5,2.6,8.4,8.8,5.0,-2.0,M,B,0,0,2,3.0,,Neutro,Positivo,,,0.0,1.0,,0.0
ALUNO-18,15.0,4.0,4,Veterano,Ágata,5.666,10.0,3.3,6.3,5.3,7.7,5.2,5.0,-1.0,M,B,0,0,2,5.0,Neutro,Positivo,Neutro,Neutro,0.0,1.0,0.0,0.0,0.0
ALUNO-19,13.0,0.0,2,Ingressante,Ágata,6.751,9.0,6.3,7.5,4.6,7.7,8.3,5.0,-1.0,M,R,0,0,2,3.0,Neutro,Neutro,Neutro,,0.0,0.0,0.0,,0.0
ALUNO-28,14.0,3.0,4,Ingressante,Topázio,9.079,8.3,9.2,7.5,8.8,9.4,9.9,10.0,0.0,F,R,1,1,4,4.0,Positivo,Positivo,Positivo,Positivo,1.0,1.0,1.0,1.0,1.0
ALUNO-29,15.0,0.0,3,Ingressante,Ágata,6.342,9.6,5.3,7.5,3.8,7.5,7.9,5.0,-2.0,F,R,0,0,2,5.0,Positivo,Positivo,Neutro,,1.0,1.0,0.0,,1.0
ALUNO-34,13.0,3.0,2,Veterano,Ágata,6.129,6.9,2.9,7.5,5.5,7.7,8.7,5.0,-1.0,F,R,0,0,2,3.0,Positivo,Neutro,Neutro,,1.0,0.0,0.0,,0.0
ALUNO-35,19.0,4.0,7,Veterano,Topázio,8.416,9.2,9.4,7.5,8.2,8.4,9.4,5.0,-1.0,F,B,0,1,4,8.0,Positivo,Positivo,Positivo,Positivo,1.0,1.0,1.0,1.0,1.0
ALUNO-36,15.0,2.0,3,Veterano,Ágata,6.246,8.3,6.4,3.8,4.7,7.3,7.9,5.0,-2.0,F,R,0,0,2,5.0,Positivo,Positivo,Neutro,,1.0,1.0,0.0,,1.0
ALUNO-37,11.0,3.0,2,Veterano,Ágata,6.154,0.0,5.4,6.9,6.5,7.5,6.7,10.0,0.0,M,R,0,0,2,2.0,Neutro,Neutro,Neutro,,0.0,0.0,0.0,,0.0
ALUNO-38,13.0,0.0,3,Ingressante,Ágata,6.847,3.8,6.9,7.5,5.1,7.5,7.8,10.0,0.0,F,B,0,0,2,3.0,Neutro,Positivo,Neutro,,0.0,1.0,0.0,,0.0
ALUNO-40,16.0,0.0,5,Ingressante,Ametista,7.334,9.2,7.8,7.5,6.0,8.3,8.0,5.0,-1.0,M,B,0,0,3,6.0,Positivo,Neutro,Positivo,Neutro,1.0,0.0,1.0,0.0,1.0
ALUNO-41,12.0,1.0,2,Veterano,Ágata,6.100,0.0,5.0,7.5,6.8,7.5,8.8,5.0,-1.0,M,R,0,0,2,3.0,Positivo,Positivo,Positivo,,1.0,1.0,1.0,,1.0
ALUNO-42,8.0,0.0,0,Ingressante,Ágata,6.802,10.0,6.7,7.5,4.0,7.2,6.0,10.0,0.0,M,B,0,0,2,0.0,Neutro,Neutro,,,0.0,0.0,,,0.0
ALUNO-46,9.0,1.0,0,Veterano,Topázio,8.471,8.5,10.0,7.5,6.9,8.1,8.4,10.0,0.0,F,R,0,0,4,0.0,Positivo,Neutro,,,1.0,0.0,,,1.0
ALUNO-47,11.0,0.0,1,Ingressante,Ágata,6.056,8.5,6.3,7.5,4.0,7.5,5.8,5.0,-1.0,M,B,0,0,2,2.0,Neutro,Neutro,Neutro,,0.0,0.0,0.0,,0.0
ALUNO-51,9.0,2.0,1,Ingressante,Ametista,8.051,9.0,9.2,7.5,5.4,7.7,8.6,10.0,0.0,M,R,0,0,3,1.0,Positivo,Neutro,Neutro,,1.0,0.0,0.0,,0.0
ALUNO-54,13.0,0.0,3,Ingressante,Ágata,6.388,7.5,5.8,7.5,4.1,7.3,5.8,10.0,0.0,F,B,0,0,2,3.0,Neutro,Positivo,Neutro,,0.0,1.0,0.0,,0.0
ALUNO-55,18.0,4.0,7,Veterano,Ametista,8.219,9.6,8.9,8.1,7.6,8.1,9.2,5.0,-1.0,F,B,1,1,3,8.0,Positivo,Positivo,Positivo,Positivo,1.0,1.0,1.0,1.0,1.0
ALUNO-56,17.0,0.0,6,Ingressante,Ágata,6.777,8.8,7.5,5.6,5.5,7.8,7.2,5.0,-1.0,M,B,0,0,2,7.0,Positivo,Positivo,Positivo,Positivo,1.0,1.0,1.0,1.0,1.0
ALUNO-57,17.0,3.0,7,Veterano,Ametista,7.213,8.3,6.9,6.3,6.0,7.7,7.0,10.0,0.0,M,B,1,0,3,7.0,Neutro,Positivo,Positivo,Positivo,0.0,1.0,1.0,1.0,1.0
ALUNO-60,18.0,5.0,6,Veterano,Ametista,6.956,7.9,7.5,6.9,6.1,7.2,7.7,5.0,-2.0,M,R,1,0,3,8.0,Neutro,Positivo,Positivo,Positivo,0.0,1.0,1.0,1.0,1.0
ALUNO-61,11.0,1.0,1,Veterano,Quartzo,3.017,0.0,1.3,5.6,0.0,6.9,5.1,5.0,-1.0,F,P,0,0,1,2.0,Neutro,,Neutro,,0.0,,0.0,,0.0
ALUNO-62,13.0,1.0,2,Veterano,Ágata,5.704,8.5,4.6,7.5,3.1,8.1,6.2,5.0,-1.0,M,B,0,0,2,3.0,Neutro,Neutro,,,0.0,0.0,,,0.0
ALUNO-65,9.0,0.0,0,Ingressante,Topázio,8.438,10.0,10.0,7.5,6.9,8.1,10.0,5.0,-1.0,M,B,0,1,4,1.0,Positivo,Positivo,,,1.0,1.0,,,1.0
ALUNO-66,13.0,0.0,2,Ingressante,Ágata,6.875,8.0,6.3,7.5,5.9,8.5,7.7,5.0,-1.0,F,R,0,0,2,3.0,Positivo,Neutro,Positivo,,1.0,0.0,1.0,,1.0
ALUNO-67,11.0,0.0,1,Ingressante,Quartzo,4.939,7.4,3.3,7.5,1.1,8.3,6.1,5.0,-1.0,F,R,0,0,1,2.0,Positivo,Neutro,Neutro,,1.0,0.0,0.0,,0.0
ALUNO-71,11.0,2.0,0,Veterano,Quartzo,2.4600000000000004,7.4,0.0,5.0,3.6,0.0,0.0,5.0,-2.0,F,P,0,1,1,2.0,,,,,,,,,
ALUNO-75,12.0,2.0,4,Veterano,Topázio,9.108,10.0,9.2,7.5,8.5,8.8,9.7,10.0,1.0,F,R,1,1,4,3.0,Positivo,Positivo,Positivo,Positivo,1.0,1.0,1.0,1.0,1.0
ALUNO-76,8.0,1.0,1,Veterano,Topázio,8.869,10.0,10.0,7.5,7.6,7.5,9.2,10.0,1.0,F,B,0,1,4,0.0,Positivo,Neutro,Neutro,,1.0,0.0,0.0,,0.0
ALUNO-77,9.0,0.0,0,Ingressante,Ametista,7.854,9.5,10.0,7.5,6.4,7.5,8.1,5.0,-1.0,F,B,0,0,3,1.0,Neutro,Neutro,,,0.0,0.0,,,0.0
ALUNO-78,11.0,4.0,1,Ingressante,Ágata,6.339,8.9,9.2,7.5,2.6,7.3,5.6,5.0,-1.0,F,R,0,0,2,2.0,Positivo,Neutro,Neutro,,1.0,0.0,0.0,,0.0
ALUNO-81,16.0,2.0,5,Veterano,Ágata,6.188,6.3,5.8,2.5,6.5,8.1,7.7,5.0,-1.0,F,A,1,0,2,6.0,Positivo,Positivo,Positivo,Neutro,1.0,1.0,1.0,0.0,1.0
ALUNO-83,15.0,5.0,5,Veterano,Ágata,5.987,6.7,6.4,3.8,3.0,7.3,6.7,10.0,0.0,F,B,1,0,2,5.0,Positivo,Neutro,Positivo,Neutro,1.0,0.0,1.0,0.0,1.0
ALUNO-84,9.0,1.0,1,Ingressante,Ametista,7.867,3.5,10.0,7.5,6.8,7.5,8.3,10.0,0.0,F,B,0,0,3,1.0,Positivo,Neutro,Neutro,,1.0,0.0,0.0,,0.0
ALUNO-85,10.0,2.0,0,Veterano,Ágata,6.652,9.5,6.7,6.3,6.9,4.7,7.0,5.0,-2.0,M,B,0,0,2,2.0,Positivo,Neutro,,,1.0,0.0,,,1.0
ALUNO-87,15.0,5.0,5,Veterano,Ametista,8.004,7.9,7.8,7.5,7.8,8.1,7.7,10.0,0.0,F,B,1,0,3,5.0,Positivo,Positivo,Positivo,Neutro,1.0,1.0,1.0,0.0,1.0
ALUNO-88,12.0,3.0,2,Veterano,Ametista,8.096,9.5,9.6,6.3,7.4,8.1,9.1,5.0,-1.0,F,B,1,1,3,3.0,Positivo,Neutro,Positivo,,1.0,0.0,1.0,,1.0
ALUNO-90,15.0,2.0,4,Veterano,Ágata,5.994,7.1,5.0,7.5,4.6,7.2,7.0,5.0,-1.0,M,R,0,0,2,5.0,Positivo,Neutro,Positivo,Positivo,1.0,0.0,1.0,1.0,1.0
ALUNO-91,11.0,3.0,2,Veterano,Quartzo,4.200,9.5,0.0,7.5,2.2,5.6,2.5,10.0,0.0,F,B,0,0,1,2.0,Neutro,,,,0.0,,,,0.0
ALUNO-93,8.0,0.0,0,Ingressante,Ágata,6.248,8.0,4.2,7.5,5.1,6.6,5.9,10.0,0.0,F,P,0,0,2,0.0,Neutro,Neutro,,,0.0,0.0,,,0.0
ALUNO-94,13.0,2.0,4,Ingressante,Ágata,5.923,7.5,3.6,7.5,4.6,7.3,5.2,10.0,1.0,F,B,0,0,2,3.0,Neutro,Neutro,Positivo,Positivo,0.0,0.0,1.0,1.0,0.0
ALUNO-95,16.0,2.0,4,Veterano,Quartzo,4.957,8.3,5.6,7.5,1.3,6.9,4.1,5.0,-2.0,F,R,0,0,1,6.0,Positivo,Neutro,Positivo,,1.0,0.0,1.0,,1.0
ALUNO-97,13.0,3.0,2,Veterano,Ágata,6.317,8.0,5.8,7.5,5.8,7.5,6.0,5.0,-1.0,F,R,0,0,2,3.0,Positivo,Neutro,Positivo,,1.0,0.0,1.0,,1.0
ALUNO-98,14.0,0.0,3,Ingressante,Ametista,6.953,9.2,6.4,7.5,6.3,7.5,7.5,5.0,-1.0,F,R,0,0,3,4.0,Positivo,Neutro,Neutro,,1.0,0.0,0.0,,0.0
ALUNO-100,13.0,3.0,1,Veterano,Quartzo,3.117,8.5,0.0,3.8,0.0,6.3,3.8,5.0,-2.0,F,R,0,0,1,3.0,Neutro,,Neutro,,0.0,,0.0,,0.0
ALUNO-102,10.0,1.0,1,Veterano,Ágata,6.704,6.3,7.5,7.5,4.8,7.9,7.8,5.0,-1.0,M,R,0,0,2,2.0,Neutro,Neutro,Neutro,,0.0,0.0,0.0,,0.0
ALUNO-103,9.0,1.0,1,Veterano,Ametista,8.076,9.5,8.8,6.3,6.2,7.9,8.6,10.0,0.0,F,B,0,0,3,1.0,Positivo,Neutro,Neutro,,1.0,0.0,0.0,,0.0
ALUNO-104,8.0,0.0,0,Ingressante,Ametista,8.010,9.0,10.0,7.5,6.4,7.2,6.8,10.0,0.0,M,P,0,0,3,0.0,Neutro,Neutro,,,0.0,0.0,,,0.0
ALUNO-105,14.0,1.0,4,Veterano,Quartzo,4.956,10.0,1.1,7.5,2.8,6.7,3.7,10.0,0.0,F,B,0,0,1,4.0,Neutro,Neutro,Positivo,,0.0,0.0,1.0,,0.0
ALUNO-106,11.0,1.0,1,Veterano,Ametista,8.242,10.0,7.9,7.5,7.9,8.3,10.0,5.0,-1.0,F,R,0,1,3,2.0,Positivo,Neutro,Positivo,,1.0,0.0,1.0,,1.0
ALUNO-109,17.0,0.0,6,Ingressante,Ametista,7.360,7.5,6.7,7.5,7.8,8.4,8.2,5.0,-1.0,F,B,0,0,3,7.0,Positivo,Positivo,Positivo,Positivo,1.0,1.0,1.0,1.0,1.0
ALUNO-111,15.0,1.0,4,Veterano,Ametista,7.222,8.3,8.1,7.5,6.0,8.4,7.4,5.0,-1.0,F,B,0,0,3,5.0,Positivo,Positivo,Positivo,Positivo,1.0,1.0,1.0,1.0,1.0
ALUNO-112,15.0,3.0,4,Ingressante,Ágata,6.098,9.2,3.1,6.9,6.2,7.7,6.9,5.0,-1.0,F,B,0,0,2,5.0,Positivo,Neutro,Positivo,Positivo,1.0,0.0,1.0,1.0,1.0
ALUNO-113,12.0,2.0,2,Veterano,Ágata,6.664,9.5,7.1,7.5,4.6,8.1,6.6,5.0,-1.0,F,P,0,0,2,3.0,Neutro,Neutro,Neutro,,0.0,0.0,0.0,,0.0
ALUNO-117,11.0,1.0,2,Veterano,Ametista,7.774,8.5,7.1,7.5,7.1,8.3,7.6,10.0,0.0,F,P,0,0,3,2.0,Positivo,Neutro,Neutro,,1.0,0.0,0.0,,0.0
ALUNO-118,9.0,2.0,1,Veterano,Topázio,8.299,8.5,9.6,7.5,6.9,7.5,8.2,10.0,0.0,F,R,0,0,4,1.0,Positivo,Neutro,Neutro,,1.0,0.0,0.0,,0.0
ALUNO-120,10.0,2.0,1,Veterano,Ametista,7.096,8.5,8.3,7.5,6.1,7.5,6.8,5.0,-1.0,F,B,0,0,3,2.0,Neutro,Neutro,Neutro,,0.0,0.0,0.0,,0.0
ALUNO-124,8.0,0.0,0,Ingressante,Topázio,8.275,9.0,8.3,7.5,6.1,8.1,9.7,10.0,0.0,M,R,0,1,4,0.0,Positivo,Positivo,,,1.0,1.0,,,1.0
ALUNO-125,11.0,1.0,2,Veterano,Ágata,6.461,6.3,4.6,7.5,4.6,7.9,7.2,10.0,0.0,M,R,0,0,2,2.0,Neutro,Neutro,Positivo,,0.0,0.0,1.0,,0.0
ALUNO-126,9.0,0.0,0,Ingressante,Ágata,6.069,9.0,4.2,7.5,4.5,7.2,7.3,5.0,-1.0,F,P,0,0,2,1.0,Neutro,Neutro,,,0.0,0.0,,,0.0
ALUNO-127,11.0,0.0,1,Ingressante,Ametista,6.907,10.0,7.1,7.5,5.6,7.5,6.9,5.0,-1.0,F,B,0,0,3,2.0,Neutro,Neutro,Neutro,,0.0,0.0,0.0,,0.0
ALUNO-128,10.0,2.0,0,Veterano,Quartzo,5.229,7.9,6.7,4.4,4.0,2.5,5.6,5.0,-2.0,F,B,0,0,1,2.0,Neutro,Neutro,,,0.0,0.0,,,0.0
ALUNO-129,11.0,0.0,2,Ingressante,Ágata,5.819,7.4,4.2,7.5,4.6,7.2,4.3,10.0,0.0,F,P,0,0,2,2.0,Neutro,,Neutro,,0.0,,0.0,,0.0
ALUNO-133,11.0,2.0,1,Veterano,Ametista,7.990,9.5,9.6,7.5,7.1,7.7,8.4,5.0,-1.0,M,R,0,0,3,2.0,Positivo,Neutro,Neutro,,1.0,0.0,0.0,,0.0
ALUNO-135,10.0,2.0,1,Veterano,Ágata,5.788,9.5,4.2,6.3,3.6,6.9,7.3,5.0,-1.0,F,B,0,0,2,2.0,Positivo,Neutro,Neutro,,1.0,0.0,0.0,,0.0
ALUNO-137,9.0,0.0,0,Ingressante,Ágata,6.012,8.0,5.8,7.5,5.3,5.0,6.2,5.0,-1.0,F,B,0,0,2,1.0,Neutro,Neutro,,,0.0,0.0,,,0.0
ALUNO-143,13.0,0.0,3,Ingressante,Ágata,6.278,7.9,4.4,6.3,4.3,7.5,6.8,10.0,0.0,M,B,0,0,2,3.0,Positivo,Neutro,Neutro,,1.0,0.0,0.0,,0.0
ALUNO-149,17.0,2.0,7,Veterano,Topázio,8.360,8.8,8.1,6.9,7.4,8.3,9.4,10.0,0.0,F,B,1,1,4,7.0,Positivo,Positivo,Positivo,Positivo,1.0,1.0,1.0,1.0,1.0
ALUNO-151,12.0,2.0,2,Veterano,Topázio,9.004,9.5,9.6,8.1,9.1,10.0,10.0,5.0,-1.0,M,B,1,1,4,3.0,Positivo,Positivo,Positivo,,1.0,1.0,1.0,,1.0
ALUNO-152,12.0,2.0,3,Veterano,Topázio,8.672,8.8,8.3,7.5,8.0,8.3,9.8,10.0,0.0,F,B,1,1,4,3.0,Positivo,Positivo,Positivo,,1.0,1.0,1.0,,1.0
ALUNO-153,14.0,4.0,4,Veterano,Topázio,8.355,10.0,7.5,7.5,7.5,8.0,9.0,10.0,0.0,M,P,1,1,4,4.0,Positivo,Positivo,Positivo,Positivo,1.0,1.0,1.0,1.0,1.0
ALUNO-154,11.0,2.0,1,Veterano,Quartzo,5.163,9.5,2.9,7.5,1.5,8.1,6.3,5.0,-1.0,M,B,0,0,1,2.0,Neutro,Neutro,Neutro,,0.0,0.0,0.0,,0.0
ALUNO-155,17.0,0.0,6,Ingressante,Quartzo,5.082,7.1,5.3,0.0,3.4,8.1,6.6,5.0,-1.0,M,B,0,0,1,7.0,Positivo,Positivo,,,1.0,1.0,,,1.0
ALUNO-156,13.0,3.0,3,Veterano,Ametista,7.981,7.5,7.8,6.3,7.3,8.3,8.8,10.0,0.0,M,B,1,0,3,3.0,Neutro,Positivo,Positivo,,0.0,1.0,1.0,,1.0
ALUNO-158,15.0,3.0,4,Veterano,Ágata,6.056,8.3,6.1,6.9,4.5,6.9,6.1,5.0,-1.0,F,B,0,0,2,5.0,Positivo,Neutro,Positivo,Neutro,1.0,0.0,1.0,0.0,1.0
ALUNO-159,9.0,0.0,0,Ingressante,Ametista,8.025,9.0,10.0,7.5,6.1,8.1,9.3,5.0,-1.0,F,R,0,1,3,1.0,Neutro,Neutro,,,0.0,0.0,,,0.0
ALUNO-162,11.0,3.0,1,Veterano,Ametista,7.531,8.5,10.0,7.5,6.6,7.5,6.8,5.0,-1.0,M,P,0,0,3,2.0,Neutro,Neutro,Positivo,,0.0,0.0,1.0,,0.0
ALUNO-164,11.0,2.0,2,Veterano,Ametista,7.125,9.5,5.8,7.5,5.9,7.5,6.7,10.0,0.0,F,B,0,0,3,2.0,Positivo,Neutro,Neutro,,1.0,0.0,0.0,,0.0
ALUNO-165,12.0,2.0,1,Veterano,Ametista,7.579,10.0,7.5,7.5,7.3,8.3,7.7,5.0,-2.0,F,B,0,0,3,3.0,Positivo,Neutro,Positivo,,1.0,0.0,1.0,,1.0
ALUNO-167,11.0,0.0,1,Ingressante,Ametista,7.639,10.0,9.2,7.5,5.8,7.5,8.3,5.0,-1.0,F,A,0,0,3,2.0,Neutro,Neutro,Neutro,,0.0,0.0,0.0,,0.0
ALUNO-168,12.0,2.0,2,Veterano,Quartzo,3.524,0.0,1.7,5.6,2.5,7.5,4.4,5.0,-1.0,F,R,0,0,1,3.0,Neutro,Neutro,Neutro,,0.0,0.0,0.0,,0.0
ALUNO-169,9.0,1.0,0,Veterano,Ametista,6.898,8.5,10.0,4.4,6.1,5.3,6.8,5.0,-1.0,F,R,0,0,3,1.0,Neutro,Neutro,,,0.0,0.0,,,0.0
ALUNO-171,14.0,0.0,3,Ingressante,Ametista,8.036,8.8,8.9,7.5,7.5,8.3,9.0,5.0,-1.0,F,B,0,1,3,4.0,Positivo,Positivo,Positivo,,1.0,1.0,1.0,,1.0
ALUNO-173,17.0,5.0,5,Veterano,Ágata,6.532,9.6,6.7,5.0,4.9,7.7,7.5,5.0,-2.0,F,R,0,0,2,7.0,Neutro,Positivo,Positivo,Neutro,0.0,1.0,1.0,0.0,0.0
ALUNO-176,13.0,4.0,2,Veterano,Ágata,5.674,7.5,6.3,5.0,4.3,6.7,5.7,5.0,-1.0,F,R,0,0,2,3.0,Neutro,Neutro,Neutro,,0.0,0.0,0.0,,0.0
ALUNO-177,8.0,0.0,0,Ingressante,Ametista,7.196,9.0,8.3,7.5,4.6,6.9,6.3,10.0,0.0,F,B,0,0,3,0.0,Neutro,Neutro,,,0.0,0.0,,,0.0
ALUNO-184,10.0,3.0,2,Ingressante,Ametista,7.896,8.5,9.2,7.5,5.6,7.5,8.0,10.0,0.0,M,R,0,0,3,2.0,Neutro,Neutro,Neutro,,0.0,0.0,0.0,,0.0
ALUNO-185,8.0,0.0,0,Ingressante,Ametista,7.906,8.0,10.0,7.5,5.4,7.2,7.8,10.0,0.0,M,R,0,0,3,0.0,Neutro,Neutro,,,0.0,0.0,,,0.0
ALUNO-188,14.0,3.0,3,Veterano,Ágata,6.435,7.1,5.8,7.5,4.7,8.1,7.8,5.0,-1.0,F,R,0,0,2,4.0,Positivo,Positivo,Neutro,,1.0,1.0,0.0,,1.0
ALUNO-193,14.0,5.0,3,Veterano,Ametista,8.215,9.2,10.0,5.6,7.7,7.9,9.6,5.0,-1.0,F,R,0,1,3,4.0,Positivo,Positivo,Neutro,,1.0,1.0,0.0,,1.0
ALUNO-197,13.0,2.0,3,Veterano,Ametista,7.751,8.3,7.2,7.5,6.0,8.1,8.6,10.0,0.0,M,B,1,0,3,3.0,Positivo,Positivo,Positivo,,1.0,1.0,1.0,,1.0
ALUNO-200,14.0,5.0,4,Veterano,Quartzo,4.788,7.5,1.7,6.9,3.3,6.7,3.5,10.0,0.0,M,B,0,0,1,4.0,Neutro,Neutro,Positivo,,0.0,0.0,1.0,,0.0
ALUNO-201,15.0,2.0,4,Veterano,Ágata,5.636,5.8,5.6,0.0,6.4,8.3,6.7,5.0,-1.0,M,B,0,0,2,5.0,Positivo,Positivo,,Positivo,1.0,1.0,,1.0,1.0
ALUNO-206,17.0,3.0,7,Veterano,Quartzo,5.143,8.8,4.2,0.0,2.0,7.7,6.3,10.0,0.0,M,B,0,0,1,7.0,Neutro,Positivo,,Neutro,0.0,1.0,,0.0,0.0
ALUNO-207,14.0,0.0,3,Ingressante,Quartzo,5.504,8.3,3.9,6.9,5.3,7.5,4.4,5.0,-1.0,F,B,0,0,1,4.0,Positivo,Neutro,Neutro,,1.0,0.0,0.0,,0.0
ALUNO-208,12.0,1.0,2,Veterano,Ágata,6.450,7.0,6.3,7.5,4.5,7.5,8.0,5.0,-1.0,F,B,0,0,2,3.0,Neutro,Neutro,Positivo,,0.0,0.0,1.0,,0.0
ALUNO-209,10.0,2.0,1,Veterano,Ametista,7.167,8.5,7.9,7.5,4.2,8.1,9.2,5.0,-1.0,M,R,0,1,3,2.0,Neutro,Neutro,Neutro,,0.0,0.0,0.0,,0.0
ALUNO-212,9.0,2.0,0,Veterano,Ágata,5.663,9.5,8.3,5.0,4.3,2.5,4.7,5.0,-1.0,M,R,0,0,2,1.0,Neutro,Neutro,,,0.0,0.0,,,0.0
ALUNO-213,13.0,3.0,3,Veterano,Topázio,8.761,9.6,9.4,7.5,7.5,8.8,8.9,10.0,0.0,F,B,0,0,4,3.0,Positivo,Positivo,Positivo,,1.0,1.0,1.0,,1.0
ALUNO-217,10.0,2.0,1,Veterano,Ametista,7.765,8.5,8.8,7.5,7.1,8.1,8.4,5.0,-1.0,F,B,0,0,3,2.0,Neutro,Neutro,Positivo,,0.0,0.0,1.0,,0.0
ALUNO-218,8.0,0.0,0,Ingressante,Topázio,8.821,9.5,10.0,7.5,6.9,8.1,9.7,10.0,0.0,M,B,0,1,4,0.0,Positivo,Positivo,,,1.0,1.0,,,1.0
ALUNO-219,12.0,2.0,2,Veterano,Quartzo,4.176,0.0,4.2,6.9,1.9,8.1,4.8,5.0,-1.0,F,B,0,0,1,3.0,Neutro,Neutro,Neutro,,0.0,0.0,0.0,,0.0
ALUNO-221,14.0,0.0,3,Ingressante,Quartzo,4.442,9.2,2.8,7.5,1.8,5.8,3.9,5.0,-1.0,F,B,0,0,1,4.0,Neutro,Positivo,Neutro,,0.0,1.0,0.0,,0.0
ALUNO-225,15.0,5.0,5,Veterano,Ametista,7.138,8.3,6.7,6.9,6.0,7.5,6.7,10.0,0.0,F,P,1,0,3,5.0,Positivo,Neutro,Positivo,Neutro,1.0,0.0,1.0,0.0,1.0
ALUNO-226,12.0,3.0,2,Veterano,Quartzo,4.617,0.0,4.2,5.6,4.3,7.1,5.8,5.0,-1.0,M,R,1,0,1,3.0,Neutro,Neutro,Neutro,,0.0,0.0,0.0,,0.0
ALUNO-229,11.0,2.0,0,Ingressante,Quartzo,5.054,8.5,0.0,7.5,4.0,6.9,7.3,5.0,-2.0,F,B,0,0,1,2.0,,Neutro,,,,0.0,,,0.0
ALUNO-231,17.0,2.0,7,Veterano,Ametista,7.698,9.2,8.6,6.9,5.4,8.0,7.5,10.0,0.0,F,B,0,0,3,7.0,Neutro,Positivo,Positivo,Positivo,0.0,1.0,1.0,1.0,1.0
ALUNO-232,16.0,0.0,5,Ingressante,Ametista,7.331,8.3,7.2,7.5,6.7,8.3,8.2,5.0,-1.0,F,B,0,0,3,6.0,Positivo,Neutro,Positivo,Positivo,1.0,0.0,1.0,1.0,1.0
ALUNO-235,13.0,2.0,3,Veterano,Ametista,7.544,9.2,6.9,5.6,6.6,7.3,8.1,10.0,0.0,F,B,1,0,3,3.0,Positivo,Neutro,Positivo,,1.0,0.0,1.0,,1.0
ALUNO-238,14.0,2.0,2,Veterano,Quartzo,3.663,8.5,1.3,4.4,2.1,5.0,3.5,5.0,-2.0,M,R,0,0,1,4.0,Neutro,,,,0.0,,,,0.0
ALUNO-240,13.0,0.0,3,Ingressante,Ametista,7.629,8.8,6.1,7.5,6.9,7.3,8.4,10.0,0.0,M,R,0,0,3,3.0,Positivo,Neutro,Neutro,,1.0,0.0,0.0,,0.0
ALUNO-241,12.0,4.0,2,Veterano,Quartzo,2.860,7.9,0.4,5.6,0.0,4.1,2.6,5.0,-1.0,M,B,0,0,1,3.0,Negativo,Neutro,,,-1.0,0.0,,,-1.0
ALUNO-242,12.0,3.0,2,Veterano,Ágata,5.833,8.5,5.4,7.5,2.9,7.1,6.8,5.0,-1.0,M,B,0,0,2,3.0,Neutro,Neutro,Neutro,,0.0,0.0,0.0,,0.0
ALUNO-243,8.0,0.0,0,Ingressante,Ágata,6.354,8.5,5.0,7.5,3.2,7.5,6.8,10.0,0.0,F,R,0,0,2,0.0,Neutro,Neutro,,,0.0,0.0,,,0.0
ALUNO-246,11.0,2.0,1,Veterano,Ametista,7.013,9.0,8.8,5.6,4.6,8.5,7.7,5.0,-1.0,F,R,0,0,3,2.0,Neutro,Neutro,Positivo,,0.0,0.0,1.0,,0.0
ALUNO-247,9.0,0.0,0,Ingressante,Ametista,8.013,10.0,8.3,7.5,6.8,8.1,9.7,5.0,-1.0,F,B,0,1,3,1.0,Positivo,Positivo,,,1.0,1.0,,,1.0
ALUNO-249,11.0,0.0,1,Ingressante,Ágata,6.025,8.5,7.9,7.5,2.1,7.5,5.8,5.0,-1.0,M,R,0,0,2,2.0,Positivo,Neutro,Neutro,,1.0,0.0,0.0,,0.0
ALUNO-251,10.0,2.0,2,Veterano,Ametista,7.976,9.0,6.7,7.5,7.3,8.5,8.4,10.0,0.0,F,B,0,0,3,2.0,Positivo,Positivo,Neutro,,1.0,1.0,0.0,,1.0
ALUNO-252,9.0,0.0,0,Ingressante,Ametista,7.473,10.0,10.0,7.5,5.9,7.2,6.6,5.0,-1.0,F,R,0,0,3,1.0,Neutro,Neutro,,,0.0,0.0,,,0.0
ALUNO-258,9.0,0.0,0,Ingressante,Ágata,6.283,7.8,10.0,7.5,5.3,2.5,4.8,5.0,-1.0,F,R,0,0,2,1.0,Negativo,Neutro,,,-1.0,0.0,,,-1.0
ALUNO-260,9.0,0.0,0,Ingressante,Ágata,6.750,9.5,6.7,7.5,4.5,7.5,7.8,5.0,-1.0,M,B,0,0,2,1.0,Neutro,Neutro,,,0.0,0.0,,,0.0
ALUNO-261,17.0,1.0,4,Veterano,Ametista,6.899,9.2,7.8,7.5,5.9,8.4,7.0,2.5,-4.0,M,R,0,0,3,8.0,Positivo,Positivo,Positivo,Positivo,1.0,1.0,1.0,1.0,1.0
ALUNO-262,16.0,4.0,6,Veterano,Ametista,7.903,9.2,6.9,7.5,7.7,7.8,7.7,10.0,0.0,M,R,1,0,3,6.0,Neutro,Positivo,Positivo,Positivo,0.0,1.0,1.0,1.0,1.0
ALUNO-263,16.0,5.0,6,Veterano,Ametista,7.694,7.9,7.8,7.5,6.5,8.0,7.5,10.0,0.0,F,B,1,0,3,6.0,Positivo,Positivo,Positivo,Positivo,1.0,1.0,1.0,1.0,1.0
ALUNO-266,10.0,2.0,2,Veterano,Ametista,7.892,9.0,8.3,6.3,6.8,7.5,8.0,10.0,0.0,M,R,0,0,3,2.0,Neutro,Positivo,Neutro,,0.0,1.0,0.0,,0.0
ALUNO-267,15.0,3.0,4,Ingressante,Ametista,8.014,9.2,8.9,6.3,8.2,8.3,8.6,5.0,-1.0,M,R,1,0,3,5.0,Positivo,Positivo,Positivo,Positivo,1.0,1.0,1.0,1.0,1.0
ALUNO-271,13.0,0.0,3,Ingressante,Ágata,6.429,9.6,5.0,7.5,4.3,7.7,5.5,10.0,0.0,M,R,0,0,2,3.0,Neutro,Positivo,Neutro,,0.0,1.0,0.0,,0.0
ALUNO-273,15.0,3.0,1,Veterano,Quartzo,4.125,9.5,2.1,7.5,0.0,6.3,4.4,5.0,-1.0,F,B,0,0,1,2.0,Neutro,Neutro,Neutro,,0.0,0.0,0.0,,0.0
ALUNO-274,17.0,3.0,5,Veterano,Ágata,6.880,7.1,7.8,7.5,6.1,7.7,6.9,5.0,-2.0,F,R,0,0,2,7.0,Positivo,Positivo,Positivo,Positivo,1.0,1.0,1.0,1.0,1.0
ALUNO-275,14.0,4.0,3,Veterano,Ágata,5.815,8.8,5.8,6.3,3.4,6.9,6.4,5.0,-1.0,F,B,0,0,2,4.0,Positivo,Neutro,Neutro,,1.0,0.0,0.0,,0.0
ALUNO-277,13.0,3.0,1,Veterano,Ametista,8.183,9.5,10.0,7.5,7.8,8.5,7.8,5.0,-2.0,M,R,0,0,3,3.0,Positivo,Positivo,Positivo,,1.0,1.0,1.0,,1.0
ALUNO-282,16.0,0.0,5,Ingressante,Topázio,8.544,9.2,9.7,7.5,8.8,8.8,9.0,5.0,-1.0,M,R,0,1,4,6.0,Positivo,Positivo,Positivo,Positivo,1.0,1.0,1.0,1.0,1.0
ALUNO-283,16.0,0.0,5,Ingressante,Topázio,8.531,8.8,9.4,7.5,8.7,8.8,9.5,5.0,-1.0,F,R,0,1,4,6.0,Positivo,Positivo,Positivo,Positivo,1.0,1.0,1.0,1.0,1.0
ALUNO-288,13.0,1.0,3,Veterano,Ametista,8.088,8.3,7.5,7.5,7.7,7.3,8.7,10.0,0.0,F,B,1,0,3,3.0,Positivo,Neutro,Positivo,,1.0,0.0,1.0,,1.0
ALUNO-293,15.0,2.0,5,Veterano,Quartzo,3.080,0.0,3.9,0.0,0.0,5.9,3.5,10.0,0.0,F,R,0,0,1,5.0,Neutro,Neutro,Positivo,Neutro,0.0,0.0,1.0,0.0,0.0
ALUNO-294,8.0,0.0,0,Ingressante,Topázio,8.994,9.5,10.0,7.5,7.3,8.4,10.0,10.0,0.0,F,R,0,1,4,0.0,Positivo,Positivo,,,1.0,1.0,,,1.0
ALUNO-295,10.0,4.0,1,Veterano,Ágata,6.771,9.0,7.1,7.5,6.9,7.5,5.3,5.0,-1.0,M,B,0,0,2,2.0,Positivo,Neutro,Neutro,,1.0,0.0,0.0,,0.0
ALUNO-296,11.0,1.0,2,Veterano,Ametista,7.221,9.5,7.9,7.5,3.6,7.3,7.4,10.0,0.0,F,R,0,0,3,2.0,Neutro,Neutro,Neutro,,0.0,0.0,0.0,,0.0
ALUNO-297,16.0,2.0,3,Veterano,Quartzo,4.894,8.8,3.3,5.6,2.8,7.7,6.1,2.5,-3.0,M,B,0,0,1,6.0,Neutro,Positivo,Positivo,,0.0,1.0,1.0,,1.0
ALUNO-301,10.0,2.0,2,Veterano,Topázio,8.289,9.0,9.2,7.5,6.3,8.5,8.4,10.0,0.0,M,B,0,0,4,2.0,Positivo,Positivo,Neutro,,1.0,1.0,0.0,,1.0
ALUNO-303,8.0,0.0,0,Ingressante,Ametista,7.767,8.5,8.3,7.5,6.8,7.5,7.0,10.0,0.0,M,R,0,0,3,0.0,Neutro,Neutro,,,0.0,0.0,,,0.0
ALUNO-305,14.0,3.0,3,Veterano,Ametista,7.315,7.9,7.8,5.6,7.5,7.5,8.3,5.0,-1.0,F,R,1,0,3,4.0,Positivo,Positivo,Neutro,,1.0,1.0,0.0,,1.0
ALUNO-310,8.0,0.0,0,Ingressante,Ametista,7.165,9.0,8.3,7.5,4.6,6.6,6.3,10.0,0.0,F,R,0,0,3,0.0,Neutro,Neutro,,,0.0,0.0,,,0.0
ALUNO-312,12.0,2.0,2,Veterano,Ametista,7.946,9.0,9.6,4.4,7.8,8.8,8.8,5.0,-1.0,M,N,1,0,3,3.0,Neutro,Positivo,Positivo,,0.0,1.0,1.0,,1.0
ALUNO-313,9.0,1.0,0,Veterano,Ametista,7.375,9.5,8.3,5.0,6.3,8.1,8.4,5.0,-2.0,F,B,0,0,3,2.0,Positivo,Neutro,,,1.0,0.0,,,1.0
ALUNO-315,14.0,2.0,5,Veterano,Topázio,8.909,8.8,9.2,7.5,8.2,8.6,9.8,10.0,1.0,F,R,1,1,4,4.0,Positivo,Positivo,Positivo,Positivo,1.0,1.0,1.0,1.0,1.0
ALUNO-319,12.0,2.0,2,Veterano,Ametista,7.821,7.5,9.6,6.9,8.2,7.3,8.0,5.0,-1.0,F,B,0,0,3,3.0,Positivo,Positivo,Positivo,,1.0,1.0,1.0,,1.0
ALUNO-321,17.0,2.0,7,Veterano,Ametista,7.891,8.3,7.5,5.6,7.6,8.3,8.3,10.0,0.0,M,B,1,0,3,7.0,Positivo,Positivo,Positivo,Positivo,1.0,1.0,1.0,1.0,1.0
ALUNO-323,12.0,5.0,1,Veterano,Quartzo,4.976,7.4,7.1,4.4,3.3,3.8,4.3,5.0,-2.0,M,B,1,0,1,3.0,Neutro,Neutro,Neutro,,0.0,0.0,0.0,,0.0
ALUNO-324,17.0,2.0,7,Veterano,Topázio,8.252,8.3,8.1,6.9,7.9,8.3,8.6,10.0,0.0,M,R,1,0,4,7.0,Positivo,Positivo,Positivo,Positivo,1.0,1.0,1.0,1.0,1.0
ALUNO-331,8.0,0.0,0,Ingressante,Topázio,8.923,9.0,10.0,7.5,7.3,8.4,9.8,10.0,0.0,M,R,0,1,4,0.0,Positivo,Positivo,,,1.0,1.0,,,1.0
ALUNO-332,13.0,2.0,1,Veterano,Topázio,8.342,9.0,9.6,7.5,7.4,8.3,9.8,5.0,-1.0,F,B,0,1,4,2.0,Positivo,Neutro,Positivo,,1.0,0.0,1.0,,1.0
ALUNO-336,9.0,1.0,0,Veterano,Ametista,7.533,9.0,10.0,6.3,6.9,7.5,6.9,5.0,-1.0,F,B,0,0,3,1.0,Neutro,Neutro,,,0.0,0.0,,,0.0
ALUNO-337,15.0,5.0,5,Veterano,Ametista,7.661,7.5,8.1,7.5,7.3,8.8,8.5,5.0,-1.0,F,A,1,0,3,6.0,Positivo,Positivo,Positivo,Positivo,1.0,1.0,1.0,1.0,1.0
ALUNO-339,15.0,3.0,3,Veterano,Ametista,7.676,8.8,8.1,7.5,6.2,8.5,9.2,5.0,-2.0,F,P,0,1,3,5.0,Positivo,Positivo,Neutro,,1.0,1.0,0.0,,1.0
ALUNO-340,15.0,3.0,3,Veterano,Ametista,7.800,8.8,8.1,7.5,7.0,8.3,9.1,5.0,-2.0,M,B,0,1,3,5.0,Positivo,Positivo,Neutro,,1.0,1.0,0.0,,1.0
ALUNO-342,12.0,5.0,2,Veterano,Ametista,7.392,8.5,6.7,7.5,7.6,7.5,8.4,5.0,-1.0,F,B,1,0,3,3.0,Positivo,Positivo,Positivo,,1.0,1.0,1.0,,1.0
ALUNO-343,17.0,1.0,5,Veterano,Ametista,7.070,8.3,8.1,6.9,6.0,8.0,7.2,5.0,-2.0,F,P,0,0,3,7.0,Positivo,Neutro,Positivo,Neutro,1.0,0.0,1.0,0.0,1.0
ALUNO-345,9.0,2.0,1,Veterano,Ágata,6.764,9.5,5.0,7.5,4.2,7.7,7.3,10.0,0.0,F,R,0,0,2,1.0,Neutro,Neutro,Neutro,,0.0,0.0,0.0,,0.0
ALUNO-346,9.0,2.0,1,Veterano,Quartzo,4.925,7.9,3.8,7.5,0.0,7.5,4.4,10.0,0.0,F,B,0,0,1,1.0,Neutro,Neutro,,,0.0,0.0,,,0.0
ALUNO-348,10.0,2.0,1,Veterano,Ametista,7.558,10.0,8.8,7.5,6.4,7.7,7.5,5.0,-1.0,M,R,0,0,3,2.0,Positivo,Neutro,Neutro,,1.0,0.0,0.0,,0.0
ALUNO-349,11.0,1.0,1,Veterano,Quartzo,4.414,8.0,3.3,7.5,0.4,6.9,4.6,5.0,-1.0,F,B,0,0,1,2.0,Neutro,Neutro,Neutro,,0.0,0.0,0.0,,0.0
ALUNO-352,14.0,0.0,4,Ingressante,Ágata,5.783,7.5,3.6,7.5,3.5,7.2,5.7,10.0,0.0,F,B,0,0,2,4.0,Positivo,Positivo,Positivo,Neutro,1.0,1.0,1.0,0.0,1.0
ALUNO-357,13.0,0.0,3,Ingressante,Ágata,6.854,8.3,5.3,7.5,5.9,7.3,6.6,10.0,0.0,F,R,0,0,2,3.0,Positivo,Neutro,Neutro,,1.0,0.0,0.0,,0.0
ALUNO-359,11.0,2.0,2,Veterano,Ametista,7.326,8.0,5.0,7.5,8.0,8.5,9.1,5.0,-1.0,M,B,0,1,3,3.0,Positivo,Positivo,Positivo,,1.0,1.0,1.0,,1.0
ALUNO-363,8.0,0.0,0,Ingressante,Ametista,8.231,10.0,8.3,7.5,6.5,7.8,8.7,10.0,0.0,F,R,0,0,3,0.0,Neutro,Neutro,,,0.0,0.0,,,0.0
ALUNO-364,10.0,2.0,2,Veterano,Ágata,6.306,0.0,7.5,4.4,4.7,7.1,8.6,10.0,0.0,M,R,0,0,2,2.0,Neutro,Positivo,Neutro,,0.0,1.0,0.0,,0.0
ALUNO-365,16.0,4.0,6,Veterano,Ametista,7.376,9.2,6.9,5.0,6.5,6.9,7.9,10.0,0.0,F,B,1,0,3,6.0,Neutro,Positivo,Positivo,Positivo,0.0,1.0,1.0,1.0,1.0
ALUNO-367,14.0,5.0,4,Veterano,Ágata,6.392,7.9,4.4,7.5,4.8,7.0,6.5,10.0,0.0,M,B,0,0,2,4.0,Positivo,Neutro,Positivo,Neutro,1.0,0.0,1.0,0.0,1.0
ALUNO-370,14.0,2.0,3,Veterano,Ametista,8.196,7.9,8.9,6.3,9.1,9.0,8.9,5.0,-1.0,M,R,0,0,3,4.0,Positivo,Positivo,Positivo,,1.0,1.0,1.0,,1.0
ALUNO-372,13.0,4.0,2,Veterano,Ágata,6.360,8.0,5.4,7.5,4.9,7.5,7.4,5.0,-1.0,F,P,0,0,2,3.0,Positivo,Neutro,Positivo,,1.0,0.0,1.0,,1.0
ALUNO-373,15.0,4.0,4,Veterano,Quartzo,4.712,9.2,4.4,5.6,1.5,7.2,4.2,5.0,-1.0,F,R,0,0,1,5.0,Positivo,Neutro,Positivo,Neutro,1.0,0.0,1.0,0.0,1.0
ALUNO-374,,0.0,7,Ingressante,Topázio,8.276,9.6,9.4,7.5,6.4,8.1,7.9,10.0,0.0,F,R,0,0,4,,Positivo,Positivo,Positivo,Positivo,1.0,1.0,1.0,1.0,1.0
ALUNO-375,11.0,5.0,2,Veterano,Topázio,8.858,9.5,10.0,7.5,8.1,7.5,8.9,10.0,0.0,F,R,1,0,4,2.0,Positivo,Positivo,Positivo,,1.0,1.0,1.0,,1.0
ALUNO-376,16.0,0.0,4,Ingressante,Quartzo,5.216,8.8,5.8,0.0,3.9,7.7,5.7,5.0,-2.0,F,A,0,0,1,6.0,Positivo,Neutro,Positivo,Neutro,1.0,0.0,1.0,0.0,1.0
ALUNO-377,12.0,4.0,3,Veterano,Ametista,7.110,8.8,7.5,5.6,4.2,7.5,7.9,10.0,0.0,M,R,1,0,3,3.0,Positivo,Positivo,Neutro,,1.0,1.0,0.0,,1.0
ALUNO-378,16.0,5.0,6,Veterano,Ametista,7.441,6.7,7.8,4.4,7.7,7.8,7.3,10.0,0.0,M,R,1,0,3,6.0,Positivo,Positivo,Positivo,Positivo,1.0,1.0,1.0,1.0,1.0
ALUNO-379,15.0,3.0,4,Veterano,Quartzo,4.151,10.0,2.8,5.0,1.7,5.6,3.5,5.0,-1.0,M,R,0,0,1,5.0,Neutro,Neutro,Neutro,Negativo,0.0,0.0,0.0,-1.0,0.0
ALUNO-381,10.0,2.0,0,Veterano,Ametista,7.052,9.5,8.3,6.3,6.1,7.8,6.6,5.0,-2.0,M,B,0,0,3,2.0,Neutro,Neutro,,,0.0,0.0,,,0.0
ALUNO-383,11.0,2.0,0,Ingressante,Ametista,6.915,9.5,5.8,7.5,6.3,7.2,7.8,5.0,-2.0,F,R,0,0,3,2.0,Positivo,Neutro,,,1.0,0.0,,,1.0
ALUNO-384,11.0,0.0,1,Ingressante,Ametista,7.418,8.5,9.2,8.8,3.6,8.1,9.1,5.0,-1.0,M,A,0,1,3,2.0,Positivo,Positivo,Positivo,,1.0,1.0,1.0,,1.0
ALUNO-385,15.0,1.0,3,Veterano,Quartzo,5.435,8.8,3.9,7.5,2.6,7.3,6.4,5.0,-2.0,F,R,0,0,1,5.0,Neutro,Neutro,Neutro,,0.0,0.0,0.0,,0.0
ALUNO-387,14.0,3.0,3,Veterano,Ágata,6.190,7.9,5.8,5.0,6.6,7.3,5.9,5.0,-1.0,M,B,0,0,2,4.0,Positivo,Positivo,Neutro,,1.0,1.0,0.0,,1.0
ALUNO-388,13.0,3.0,2,Veterano,Ágata,6.007,9.5,3.8,7.5,3.8,7.5,7.7,5.0,-1.0,F,R,0,0,2,3.0,Neutro,Neutro,Neutro,,0.0,0.0,0.0,,0.0
ALUNO-389,17.0,1.0,6,Veterano,Ametista,8.201,8.3,8.6,6.3,9.0,9.4,8.9,5.0,-1.0,M,R,1,0,3,7.0,Positivo,Positivo,Positivo,Positivo,1.0,1.0,1.0,1.0,1.0
ALUNO-393,12.0,4.0,2,Veterano,Ametista,7.260,9.0,6.7,7.5,7.4,8.1,7.4,5.0,-1.0,M,B,0,0,3,3.0,Positivo,Positivo,Neutro,,1.0,1.0,0.0,,1.0
ALUNO-394,16.0,5.0,4,Veterano,Ágata,6.053,7.1,5.3,6.9,5.2,7.2,6.7,5.0,-2.0,F,B,1,0,2,6.0,Positivo,Positivo,Positivo,Positivo,1.0,1.0,1.0,1.0,1.0
ALUNO-396,16.0,2.0,5,Veterano,Ametista,7.593,7.9,8.1,7.5,7.2,7.7,8.7,5.0,-1.0,M,R,0,0,3,6.0,Positivo,Positivo,Positivo,Neutro,1.0,1.0,1.0,0.0,1.0
ALUNO-397,13.0,5.0,3,Veterano,Quartzo,4.257,6.7,2.8,3.1,2.5,4.6,3.8,10.0,0.0,F,R,1,0,1,3.0,Neutro,Neutro,Neutro,,0.0,0.0,0.0,,0.0
ALUNO-400,11.0,2.0,1,Veterano,Quartzo,3.729,0.0,3.3,5.6,1.2,7.3,5.2,5.0,-1.0,F,R,0,0,1,2.0,Neutro,Neutro,Neutro,,0.0,0.0,0.0,,0.0
ALUNO-403,13.0,0.0,3,Ingressante,Ametista,7.878,9.2,7.2,7.5,6.4,7.9,8.5,10.0,0.0,M,R,0,0,3,3.0,Positivo,Positivo,Neutro,,1.0,1.0,0.0,,1.0
ALUNO-404,14.0,5.0,4,Veterano,Topázio,8.499,8.8,9.2,7.5,7.4,8.9,8.3,10.0,0.0,F,R,1,0,4,4.0,Positivo,Positivo,Positivo,Positivo,1.0,1.0,1.0,1.0,1.0
ALUNO-405,8.0,0.0,0,Ingressante,Ametista,7.767,8.5,8.3,7.5,6.0,7.5,7.8,10.0,0.0,F,A,0,0,3,0.0,Neutro,Neutro,,,0.0,0.0,,,0.0
ALUNO-406,11.0,3.0,1,Veterano,Ágata,6.868,9.0,8.3,6.9,6.4,7.5,5.4,5.0,-1.0,M,R,0,0,2,2.0,Neutro,Neutro,Neutro,,0.0,0.0,0.0,,0.0
ALUNO-407,14.0,3.0,4,Veterano,Topázio,8.475,8.3,8.9,7.5,6.6,9.2,9.4,10.0,0.0,F,B,1,1,4,4.0,Positivo,Positivo,Positivo,Positivo,1.0,1.0,1.0,1.0,1.0
ALUNO-408,9.0,1.0,1,Veterano,Topázio,8.699,9.0,9.2,8.8,7.2,8.8,8.9,10.0,0.0,M,R,0,0,4,1.0,Positivo,Positivo,Neutro,,1.0,1.0,0.0,,1.0
ALUNO-416,14.0,3.0,2,Veterano,Ametista,7.349,9.0,8.8,4.4,6.9,7.3,8.2,5.0,-2.0,F,B,0,0,3,4.0,Neutro,Positivo,Positivo,,0.0,1.0,1.0,,1.0
ALUNO-421,16.0,3.0,4,Veterano,Ágata,6.624,9.2,5.8,7.5,5.8,7.7,6.9,5.0,-2.0,M,R,0,0,2,6.0,Positivo,Positivo,Positivo,Positivo,1.0,1.0,1.0,1.0,1.0
ALUNO-422,11.0,0.0,0,Ingressante,Ametista,7.965,9.0,10.0,7.5,7.2,8.4,7.7,5.0,-2.0,F,P,0,0,3,2.0,Positivo,Neutro,,,1.0,0.0,,,1.0
ALUNO-423,17.0,0.0,5,Ingressante,Quartzo,3.146,0.0,1.7,5.0,1.5,6.9,4.2,5.0,-2.0,M,B,0,0,1,7.0,Neutro,Neutro,Positivo,,0.0,0.0,1.0,,0.0
ALUNO-424,13.0,4.0,2,Veterano,Ágata,5.990,9.0,5.0,7.5,4.5,7.3,6.1,5.0,-1.0,F,B,0,0,2,3.0,Neutro,Positivo,Neutro,,0.0,1.0,0.0,,0.0
ALUNO-425,14.0,2.0,3,Veterano,Ágata,6.642,9.2,6.4,7.5,5.5,7.1,6.9,5.0,-1.0,F,R,0,0,2,4.0,Positivo,Positivo,Neutro,,1.0,1.0,0.0,,1.0
ALUNO-432,11.0,1.0,0,Veterano,Quartzo,4.946,9.0,6.7,5.0,2.6,2.5,4.8,5.0,-2.0,F,B,0,0,1,2.0,Neutro,Neutro,,,0.0,0.0,,,0.0
ALUNO-435,17.0,1.0,5,Veterano,Quartzo,4.169,6.7,4.7,0.0,3.0,7.5,3.5,5.0,-2.0,F,B,0,0,1,7.0,Neutro,Neutro,,Positivo,0.0,0.0,,1.0,0.0
ALUNO-436,13.0,0.0,2,Ingressante,Ametista,7.743,9.5,8.8,7.5,6.3,8.5,8.4,5.0,-1.0,F,R,0,0,3,3.0,Neutro,Positivo,Neutro,,0.0,1.0,0.0,,0.0
ALUNO-437,10.0,3.0,2,Veterano,Ágata,6.482,8.5,5.0,7.5,4.0,7.7,6.6,10.0,0.0,F,B,0,0,2,2.0,Neutro,Neutro,Neutro,,0.0,0.0,0.0,,0.0
ALUNO-438,17.0,0.0,5,Ingressante,Ágata,5.756,9.2,5.3,7.5,2.8,7.5,6.1,5.0,-2.0,M,B,0,0,2,7.0,Positivo,Neutro,Positivo,Neutro,1.0,0.0,1.0,0.0,1.0
ALUNO-440,16.0,0.0,5,Ingressante,Ametista,7.382,8.3,8.1,7.5,6.7,8.1,7.7,5.0,-1.0,F,B,0,0,3,6.0,Positivo,Neutro,Positivo,Positivo,1.0,0.0,1.0,1.0,1.0
ALUNO-441,12.0,2.0,2,Veterano,Ametista,7.571,9.0,7.9,6.3,7.8,8.1,8.0,5.0,-1.0,M,R,0,0,3,3.0,Positivo,Positivo,Positivo,,1.0,1.0,1.0,,1.0
ALUNO-442,10.0,1.0,1,Veterano,Quartzo,5.188,8.5,4.2,7.5,0.7,7.5,6.8,5.0,-1.0,F,B,0,0,1,2.0,Neutro,Neutro,Neutro,,0.0,0.0,0.0,,0.0
ALUNO-444,11.0,0.0,1,Ingressante,Ágata,6.469,9.5,4.2,7.5,5.1,8.1,8.1,5.0,-1.0,F,A,0,0,2,2.0,Positivo,Positivo,Positivo,,1.0,1.0,1.0,,1.0
ALUNO-447,11.0,2.0,1,Veterano,Ametista,7.690,9.5,9.6,5.0,6.4,7.9,8.7,5.0,-1.0,M,R,0,0,3,2.0,Neutro,Neutro,Positivo,,0.0,0.0,1.0,,0.0
ALUNO-448,12.0,2.0,3,Veterano,Ametista,7.850,9.2,7.8,7.5,6.3,7.5,8.1,10.0,0.0,F,B,0,0,3,3.0,Positivo,Positivo,Neutro,,1.0,1.0,0.0,,1.0
ALUNO-449,10.0,2.0,2,Veterano,Ametista,7.653,8.5,7.5,7.5,4.9,8.5,8.6,10.0,0.0,F,B,0,0,3,2.0,Neutro,Positivo,Neutro,,0.0,1.0,0.0,,0.0
ALUNO-450,16.0,2.0,5,Ingressante,Ametista,7.196,7.1,7.5,7.5,6.3,8.1,8.3,5.0,-1.0,M,R,0,0,3,6.0,Positivo,Positivo,Positivo,Positivo,1.0,1.0,1.0,1.0,1.0
ALUNO-451,10.0,3.0,1,Veterano,Ágata,5.667,8.5,5.0,7.5,1.0,8.3,7.7,5.0,-1.0,F,R,0,0,2,2.0,Neutro,Neutro,Neutro,,0.0,0.0,0.0,,0.0
ALUNO-452,11.0,0.0,1,Ingressante,Ametista,7.118,7.0,8.8,7.5,4.8,8.1,8.3,5.0,-1.0,M,R,0,0,3,2.0,Neutro,Neutro,Neutro,,0.0,0.0,0.0,,0.0
ALUNO-455,10.0,2.0,2,Veterano,Ametista,7.154,8.5,7.1,7.5,4.9,7.3,7.2,10.0,0.0,F,R,0,0,3,2.0,Neutro,Neutro,Neutro,,0.0,0.0,0.0,,0.0
ALUNO-463,13.0,4.0,4,Veterano,Topázio,8.292,9.6,8.3,7.5,7.0,8.8,8.2,10.0,1.0,M,B,1,0,4,3.0,Positivo,Positivo,Positivo,Positivo,1.0,1.0,1.0,1.0,1.0
ALUNO-465,11.0,0.0,0,Ingressante,Ametista,8.123,8.5,10.0,7.5,7.6,7.8,8.6,5.0,-2.0,M,B,0,0,3,2.0,Positivo,Neutro,,,1.0,0.0,,,1.0
ALUNO-468,11.0,3.0,2,Ingressante,Ágata,6.583,7.0,6.3,7.5,3.6,7.7,7.0,10.0,0.0,F,P,0,0,2,2.0,Neutro,Positivo,Neutro,,0.0,1.0,0.0,,0.0
ALUNO-469,13.0,5.0,4,Veterano,Ágata,6.759,6.3,6.7,7.5,6.4,7.3,5.2,10.0,1.0,M,A,1,0,2,3.0,Positivo,Positivo,Positivo,Neutro,1.0,1.0,1.0,0.0,1.0
ALUNO-474,11.0,2.0,2,Veterano,Ametista,7.215,9.0,7.5,7.5,4.6,7.1,7.2,10.0,0.0,M,R,0,0,3,2.0,Neutro,Positivo,Neutro,,0.0,1.0,0.0,,0.0
ALUNO-477,13.0,2.0,2,Veterano,Quartzo,5.185,0.0,5.8,7.5,4.3,7.3,5.9,5.0,-1.0,F,P,0,0,1,3.0,Neutro,Neutro,Neutro,,0.0,0.0,0.0,,0.0
ALUNO-482,13.0,5.0,2,Veterano,Topázio,9.021,10.0,10.0,7.5,9.1,9.8,9.8,5.0,-1.0,F,B,1,1,4,3.0,Positivo,Positivo,Positivo,,1.0,1.0,1.0,,1.0
ALUNO-483,12.0,3.0,2,Veterano,Ametista,7.644,9.5,8.3,5.0,8.1,7.9,8.1,5.0,-1.0,F,B,1,0,3,3.0,Positivo,Positivo,Positivo,,1.0,1.0,1.0,,1.0
ALUNO-485,14.0,0.0,3,Ingressante,Ágata,6.387,7.1,6.1,7.5,5.0,7.3,7.4,5.0,-1.0,M,P,0,0,2,4.0,Positivo,Neutro,Neutro,,1.0,0.0,0.0,,0.0
ALUNO-486,13.0,2.0,2,Ingressante,Quartzo,5.511,0.0,6.3,7.5,6.0,6.7,5.7,5.0,-1.0,M,B,0,0,1,3.0,Positivo,Neutro,Neutro,,1.0,0.0,0.0,,0.0
ALUNO-487,9.0,2.0,0,Veterano,Ametista,7.440,10.0,6.7,7.5,7.1,7.8,8.3,5.0,-1.0,M,R,0,0,3,1.0,Positivo,Neutro,,,1.0,0.0,,,1.0
ALUNO-488,14.0,2.0,3,Veterano,Ágata,5.539,8.3,5.3,7.5,3.0,7.1,5.5,5.0,-1.0,F,R,0,0,2,4.0,Neutro,Positivo,Neutro,,0.0,1.0,0.0,,0.0
ALUNO-490,15.0,5.0,4,Ingressante,Ametista,7.044,8.8,7.8,6.9,6.5,7.3,7.0,5.0,-2.0,M,R,1,0,3,6.0,Positivo,Positivo,Positivo,Neutro,1.0,1.0,1.0,0.0,1.0
ALUNO-494,11.0,0.0,1,Ingressante,Topázio,8.268,9.5,9.2,7.5,7.2,8.8,9.6,5.0,-1.0,F,R,0,1,4,2.0,Positivo,Positivo,Positivo,,1.0,1.0,1.0,,1.0
ALUNO-496,12.0,3.0,4,Ingressante,Ametista,7.895,9.6,6.7,7.5,7.5,8.3,7.7,10.0,1.0,F,B,1,0,3,3.0,Positivo,Positivo,Positivo,Neutro,1.0,1.0,1.0,0.0,1.0
ALUNO-497,13.0,0.0,2,Ingressante,Ametista,7.599,9.0,8.3,7.5,6.6,8.1,8.2,5.0,-1.0,F,B,0,0,3,3.0,Positivo,Positivo,Positivo,,1.0,1.0,1.0,,1.0
ALUNO-498,13.0,0.0,3,Ingressante,Ágata,5.735,9.6,3.9,5.0,3.8,7.3,5.1,10.0,0.0,M,B,0,0,2,3.0,Neutro,Neutro,Neutro,,0.0,0.0,0.0,,0.0
ALUNO-499,12.0,4.0,2,Veterano,Ametista,7.497,9.0,7.1,7.5,7.1,7.5,8.8,5.0,-1.0,F,R,1,0,3,3.0,Neutro,Positivo,Neutro,,0.0,1.0,0.0,,0.0
ALUNO-500,17.0,2.0,7,Veterano,Ametista,7.878,9.2,8.9,5.6,6.4,8.1,7.6,10.0,0.0,M,R,1,0,3,7.0,Positivo,Positivo,Positivo,Positivo,1.0,1.0,1.0,1.0,1.0
ALUNO-502,14.0,3.0,4,Veterano,Ágata,6.853,10.0,4.7,7.5,3.9,8.8,7.5,10.0,0.0,M,B,0,0,2,4.0,Positivo,Positivo,Positivo,Positivo,1.0,1.0,1.0,1.0,1.0
ALUNO-503,9.0,1.0,0,Ingressante,Ametista,8.008,9.5,10.0,7.5,6.9,7.5,8.4,5.0,-1.0,M,R,0,0,3,1.0,Positivo,Neutro,,,1.0,0.0,,,1.0
ALUNO-506,8.0,1.0,0,Veterano,Quartzo,3.06,7.4,0.0,5.0,4.1,0.0,0.0,10.0,0.0,M,B,0,1,1,0.0,,,,,,,,,
ALUNO-507,14.0,5.0,4,Veterano,Ágata,5.580,9.6,3.9,5.0,2.8,7.2,5.3,10.0,0.0,F,B,0,0,2,4.0,Positivo,Neutro,Neutro,Neutro,1.0,0.0,0.0,0.0,0.0
ALUNO-511,9.0,0.0,0,Ingressante,Ametista,7.296,7.5,8.3,7.5,6.6,7.5,7.8,5.0,-1.0,M,B,0,0,3,1.0,Neutro,Neutro,,,0.0,0.0,,,0.0
ALUNO-512,15.0,2.0,4,Veterano,Ametista,7.972,8.3,8.6,7.5,7.0,8.8,9.5,5.0,-1.0,M,R,1,1,3,5.0,Positivo,Positivo,Positivo,Positivo,1.0,1.0,1.0,1.0,1.0
ALUNO-513,10.0,1.0,1,Veterano,Ametista,7.285,8.5,7.5,7.5,6.1,7.7,8.4,5.0,-1.0,F,R,0,0,3,2.0,Positivo,Neutro,Neutro,,1.0,0.0,0.0,,0.0
ALUNO-518,17.0,2.0,7,Veterano,Ametista,7.971,9.6,6.7,7.5,7.9,8.1,7.7,10.0,0.0,F,B,1,0,3,7.0,Positivo,Positivo,Positivo,Positivo,1.0,1.0,1.0,1.0,1.0
ALUNO-520,11.0,3.0,3,Veterano,Topázio,8.414,7.9,9.7,5.6,7.2,9.0,8.9,10.0,1.0,M,A,1,0,4,2.0,Positivo,Positivo,Positivo,,1.0,1.0,1.0,,1.0
ALUNO-521,11.0,3.0,2,Veterano,Ametista,7.254,9.5,4.6,7.5,5.3,8.5,8.7,10.0,0.0,F,R,0,0,3,2.0,Positivo,Positivo,Positivo,,1.0,1.0,1.0,,1.0
ALUNO-522,12.0,3.0,2,Veterano,Ágata,5.868,8.5,4.2,7.5,3.8,7.5,7.1,5.0,-1.0,M,B,0,0,2,3.0,Neutro,Neutro,Neutro,,0.0,0.0,0.0,,0.0
ALUNO-523,13.0,0.0,3,Ingressante,Ametista,7.082,7.9,5.6,7.5,6.4,6.9,7.3,10.0,0.0,M,R,0,0,3,3.0,Positivo,Positivo,Neutro,,1.0,1.0,0.0,,1.0
ALUNO-524,10.0,1.0,1,Veterano,Topázio,8.494,9.5,9.2,7.5,8.4,8.8,9.6,5.0,-1.0,M,R,0,1,4,2.0,Positivo,Positivo,Positivo,,1.0,1.0,1.0,,1.0
ALUNO-526,11.0,0.0,1,Ingressante,Ametista,7.626,8.5,8.8,7.5,7.8,7.7,7.3,5.0,-1.0,F,R,0,0,3,2.0,Neutro,Neutro,Neutro,,0.0,0.0,0.0,,0.0
ALUNO-527,17.0,4.0,6,Veterano,Ametista,7.620,9.2,7.2,7.5,7.1,8.6,8.7,5.0,-1.0,F,P,1,0,3,7.0,Positivo,Positivo,Positivo,Positivo,1.0,1.0,1.0,1.0,1.0
ALUNO-529,11.0,0.0,1,Ingressante,Ametista,8.090,8.0,9.6,7.5,8.0,8.1,8.6,5.0,-1.0,M,P,0,0,3,2.0,Neutro,Neutro,Positivo,,0.0,0.0,1.0,,0.0
ALUNO-531,17.0,2.0,5,Veterano,Ametista,7.223,8.8,8.3,7.5,5.7,7.8,7.5,5.0,-2.0,F,R,0,0,3,7.0,Positivo,Positivo,Positivo,Neutro,1.0,1.0,1.0,0.0,1.0
ALUNO-533,14.0,2.0,3,Veterano,Ágata,5.956,9.2,5.3,7.5,4.9,7.8,4.9,5.0,-1.0,F,R,0,0,2,4.0,Positivo,Neutro,,,1.0,0.0,,,1.0
ALUNO-536,11.0,0.0,1,Ingressante,Quartzo,4.586,8.0,1.7,7.5,3.1,6.7,4.6,5.0,-1.0,M,R,0,0,1,2.0,Neutro,Neutro,Neutro,,0.0,0.0,0.0,,0.0
ALUNO-537,9.0,0.0,0,Ingressante,Quartzo,4.808,6.3,4.2,7.5,3.4,5.0,4.6,5.0,-1.0,M,B,0,0,1,1.0,Neutro,Neutro,,,0.0,0.0,,,0.0
ALUNO-538,13.0,0.0,2,Ingressante,Quartzo,4.824,9.0,5.0,5.0,1.1,5.2,5.9,5.0,-1.0,M,R,0,0,1,3.0,Neutro,Neutro,Neutro,,0.0,0.0,0.0,,0.0
ALUNO-540,13.0,3.0,2,Veterano,Ágata,6.078,8.5,5.4,7.5,4.5,7.5,6.2,5.0,-1.0,M,B,0,0,2,3.0,Neutro,Neutro,Neutro,,0.0,0.0,0.0,,0.0
ALUNO-541,14.0,2.0,4,Veterano,Ametista,7.835,9.2,6.9,7.5,6.8,8.1,8.0,10.0,0.0,F,B,1,0,3,4.0,Positivo,Positivo,Positivo,Positivo,1.0,1.0,1.0,1.0,1.0
ALUNO-542,11.0,0.0,0,Ingressante,Ametista,7.565,8.0,8.3,7.5,7.0,7.8,8.3,5.0,-2.0,F,R,0,0,3,2.0,Neutro,Neutro,,,0.0,0.0,,,0.0
ALUNO-544,13.0,2.0,2,Veterano,Ametista,7.292,9.0,7.9,6.3,6.7,8.1,7.7,5.0,-1.0,M,R,0,0,3,3.0,Positivo,Positivo,Positivo,,1.0,1.0,1.0,,1.0
ALUNO-546,19.0,3.0,6,Veterano,Ágata,5.728,10.0,7.2,2.5,4.0,4.6,6.3,5.0,-2.0,M,R,0,0,2,8.0,,Neutro,Neutro,Neutro,,0.0,0.0,0.0,0.0
ALUNO-547,15.0,3.0,4,Veterano,Ágata,6.800,7.5,6.4,6.3,7.1,8.0,7.1,5.0,-1.0,F,R,0,0,2,5.0,Positivo,Neutro,Positivo,Positivo,1.0,0.0,1.0,1.0,1.0
ALUNO-548,8.0,0.0,0,Ingressante,Topázio,8.431,9.5,10.0,7.5,5.3,7.8,9.5,10.0,0.0,F,R,0,1,4,0.0,Positivo,Neutro,,,1.0,0.0,,,1.0
ALUNO-550,9.0,0.0,0,Ingressante,Ametista,7.873,10.0,8.3,7.5,6.9,7.2,9.3,5.0,-1.0,M,R,0,1,3,1.0,Neutro,Neutro,,,0.0,0.0,,,0.0
ALUNO-555,11.0,2.0,2,Veterano,Topázio,8.489,7.4,10.0,8.1,6.6,8.5,8.8,10.0,0.0,F,B,0,0,4,2.0,Positivo,Positivo,Neutro,,1.0,1.0,0.0,,1.0
ALUNO-557,13.0,3.0,2,Veterano,Ametista,7.543,9.0,8.3,6.9,5.9,8.1,8.9,5.0,-1.0,M,P,0,0,3,3.0,Neutro,Positivo,Positivo,,0.0,1.0,1.0,,1.0
ALUNO-560,11.0,2.0,2,Veterano,Ágata,6.489,9.5,4.6,7.5,3.2,8.1,7.1,10.0,0.0,M,R,0,0,2,2.0,Neutro,Positivo,Neutro,,0.0,1.0,0.0,,0.0
ALUNO-561,14.0,2.0,3,Veterano,Quartzo,4.740,7.9,1.1,7.5,4.0,6.9,4.9,5.0,-2.0,F,B,0,0,1,5.0,Neutro,Neutro,Neutro,,0.0,0.0,0.0,,0.0
ALUNO-562,10.0,2.0,2,Veterano,Topázio,8.418,7.5,7.9,7.5,9.2,8.8,8.1,10.0,0.0,M,B,1,0,4,2.0,Positivo,Positivo,Neutro,,1.0,1.0,0.0,,1.0
ALUNO-563,9.0,0.0,0,Ingressante,Topázio,8.371,9.5,10.0,7.5,7.1,8.1,9.7,5.0,-1.0,F,R,0,1,4,1.0,Positivo,Positivo,,,1.0,1.0,,,1.0
ALUNO-564,14.0,2.0,4,Ingressante,Ágata,5.755,10.0,3.9,7.5,2.8,7.2,4.8,10.0,0.0,M,R,0,0,2,4.0,Neutro,Neutro,Positivo,Neutro,0.0,0.0,1.0,0.0,0.0
ALUNO-565,9.0,0.0,1,Ingressante,Topázio,8.385,10.0,8.8,7.5,5.8,8.1,9.6,10.0,0.0,F,B,0,1,4,1.0,Positivo,Neutro,Neutro,,1.0,0.0,0.0,,0.0
ALUNO-566,15.0,0.0,5,Ingressante,Ametista,8.133,8.8,7.8,7.5,7.9,8.4,7.6,10.0,0.0,M,R,0,0,3,5.0,Positivo,Neutro,Positivo,Positivo,1.0,0.0,1.0,1.0,1.0
ALUNO-567,8.0,0.0,0,Ingressante,Ágata,6.885,8.0,5.8,7.5,5.0,7.2,7.3,10.0,0.0,M,B,0,0,2,0.0,Neutro,Neutro,,,0.0,0.0,,,0.0
ALUNO-569,9.0,1.0,1,Ingressante,Topázio,8.644,10.0,10.0,7.5,7.0,7.5,8.7,10.0,0.0,M,B,0,0,4,1.0,Positivo,Neutro,Neutro,,1.0,0.0,0.0,,0.0
ALUNO-570,12.0,2.0,1,Veterano,Quartzo,5.049,9.5,3.3,7.5,2.0,7.7,5.1,5.0,-2.0,M,R,0,0,1,3.0,Neutro,Neutro,Neutro,,0.0,0.0,0.0,,0.0
ALUNO-571,14.0,0.0,3,Ingressante,Ametista,7.246,6.7,7.2,7.5,7.6,7.7,7.9,5.0,-1.0,F,R,0,0,3,4.0,Positivo,Neutro,Neutro,,1.0,0.0,0.0,,0.0
ALUNO-572,8.0,0.0,0,Ingressante,Topázio,8.681,7.5,10.0,7.5,6.7,8.4,10.0,10.0,0.0,M,R,0,1,4,0.0,Positivo,Neutro,,,1.0,0.0,,,1.0
ALUNO-574,17.0,2.0,6,Veterano,Ametista,7.336,8.8,8.6,7.5,5.7,8.0,7.8,5.0,-1.0,M,R,0,0,3,7.0,Neutro,Positivo,Positivo,Positivo,0.0,1.0,1.0,1.0,1.0
ALUNO-578,8.0,0.0,0,Ingressante,Ametista,7.490,8.5,6.7,7.5,5.2,7.2,9.0,10.0,0.0,F,B,0,1,3,0.0,Neutro,Neutro,,,0.0,0.0,,,0.0
ALUNO-579,11.0,4.0,2,Veterano,Ametista,7.332,8.5,6.3,7.5,5.4,7.5,8.2,10.0,0.0,F,B,0,0,3,2.0,Neutro,Neutro,Neutro,,0.0,0.0,0.0,,0.0
ALUNO-583,15.0,2.0,4,Veterano,Ágata,6.535,6.7,5.6,7.5,5.8,7.7,7.9,5.0,-1.0,F,R,0,0,2,5.0,Positivo,Positivo,Positivo,Positivo,1.0,1.0,1.0,1.0,1.0
ALUNO-584,11.0,0.0,1,Ingressante,Ametista,7.039,9.0,8.8,7.5,2.7,8.1,8.9,5.0,-1.0,M,B,0,0,3,2.0,Neutro,Positivo,Neutro,,0.0,1.0,0.0,,0.0
ALUNO-585,16.0,3.0,2,Veterano,Quartzo,2.735,0.0,1.3,4.4,0.4,6.6,5.3,2.5,-3.0,F,B,0,0,1,5.0,Neutro,,Neutro,,0.0,,0.0,,0.0
ALUNO-586,11.0,1.0,1,Veterano,Ametista,8.019,8.5,9.6,7.5,7.1,8.1,8.9,5.0,-1.0,F,B,0,0,3,2.0,Neutro,Neutro,Positivo,,0.0,0.0,1.0,,0.0
ALUNO-588,9.0,2.0,1,Veterano,Topázio,8.881,10.0,9.6,7.5,7.8,8.8,8.9,10.0,0.0,F,B,0,0,4,1.0,Positivo,Positivo,Neutro,,1.0,1.0,0.0,,1.0
ALUNO-589,12.0,2.0,1,Veterano,Ametista,7.413,7.4,8.3,7.5,6.4,8.1,8.3,5.0,-2.0,M,P,0,0,3,3.0,Neutro,Positivo,Positivo,,0.0,1.0,1.0,,1.0
ALUNO-594,12.0,1.0,1,Veterano,Ametista,7.476,9.5,9.2,7.5,4.8,7.9,8.4,5.0,-2.0,M,B,0,0,3,3.0,Neutro,Positivo,Neutro,,0.0,1.0,0.0,,0.0
ALUNO-595,8.0,0.0,0,Ingressante,Topázio,8.806,9.5,10.0,7.5,6.9,7.8,9.8,10.0,0.0,M,R,0,1,4,0.0,Positivo,Neutro,,,1.0,0.0,,,1.0
ALUNO-596,11.0,0.0,1,Ingressante,Ágata,6.374,10.0,6.7,7.5,3.0,8.1,6.9,5.0,-1.0,M,R,0,0,2,2.0,Positivo,Neutro,Neutro,,1.0,0.0,0.0,,0.0
ALUNO-602,12.0,2.0,1,Ingressante,Quartzo,4.940,0.0,4.6,7.5,2.3,8.4,7.3,5.0,-2.0,F,B,0,0,1,3.0,Neutro,,Neutro,,0.0,,0.0,,0.0
ALUNO-603,14.0,3.0,1,Veterano,Ágata,5.787,0.0,9.2,3.1,3.3,8.1,8.3,5.0,-2.0,M,B,0,0,2,3.0,Neutro,Positivo,Neutro,,0.0,1.0,0.0,,0.0
ALUNO-608,15.0,4.0,4,Veterano,Ametista,7.310,7.1,7.2,5.0,8.5,7.7,8.5,5.0,-1.0,M,B,0,0,3,5.0,Positivo,Positivo,Positivo,Positivo,1.0,1.0,1.0,1.0,1.0
ALUNO-610,16.0,0.0,5,Ingressante,Ametista,6.913,8.8,6.4,7.5,5.8,8.4,7.5,5.0,-1.0,M,R,0,0,3,6.0,Positivo,Positivo,Positivo,Neutro,1.0,1.0,1.0,0.0,1.0
ALUNO-613,12.0,3.0,1,Veterano,Ametista,7.196,9.5,9.2,3.1,5.5,8.3,8.3,5.0,-1.0,F,B,0,0,3,2.0,Neutro,Positivo,Neutro,,0.0,1.0,0.0,,0.0
ALUNO-615,9.0,2.0,1,Veterano,Topázio,8.358,9.0,8.8,7.5,7.4,7.5,8.7,10.0,0.0,F,B,0,0,4,1.0,Positivo,Neutro,Neutro,,1.0,0.0,0.0,,0.0
ALUNO-617,8.0,0.0,0,Ingressante,Topázio,8.583,9.0,10.0,7.5,5.9,8.1,9.7,10.0,0.0,M,B,0,1,4,0.0,Positivo,Positivo,,,1.0,1.0,,,1.0
ALUNO-619,11.0,2.0,2,Veterano,Ágata,6.682,7.9,5.0,7.5,4.6,7.7,7.2,10.0,0.0,F,P,0,0,2,2.0,Neutro,Neutro,Neutro,,0.0,0.0,0.0,,0.0
ALUNO-620,11.0,0.0,1,Ingressante,Quartzo,2.942,0.0,1.3,7.5,0.0,6.3,4.1,5.0,-1.0,M,B,0,0,1,2.0,Neutro,,Neutro,,0.0,,0.0,,0.0
ALUNO-622,13.0,3.0,3,Veterano,Quartzo,5.193,10.0,3.6,7.5,0.7,6.9,4.5,10.0,0.0,F,B,0,0,1,3.0,Neutro,Neutro,Neutro,,0.0,0.0,0.0,,0.0
ALUNO-624,16.0,2.0,3,Veterano,Ágata,5.742,7.1,5.0,7.5,5.1,7.1,6.5,2.5,-3.0,F,B,0,0,2,6.0,Positivo,Neutro,Neutro,,1.0,0.0,0.0,,0.0
ALUNO-627,9.0,0.0,0,Ingressante,Ametista,7.442,8.0,8.3,7.5,6.9,7.5,8.0,5.0,-1.0,M,B,0,0,3,1.0,Neutro,Neutro,,,0.0,0.0,,,0.0
ALUNO-628,11.0,0.0,0,Ingressante,Ametista,7.438,9.0,8.3,7.5,5.9,7.5,8.4,5.0,-2.0,M,B,0,0,3,2.0,Neutro,Neutro,,,0.0,0.0,,,0.0
ALUNO-632,11.0,0.0,0,Ingressante,Ágata,5.888,9.0,5.0,7.5,3.4,7.5,6.5,5.0,-2.0,M,R,0,0,2,2.0,Neutro,,,,0.0,,,,0.0
ALUNO-634,13.0,3.0,1,Veterano,Quartzo,3.754,6.3,2.1,6.3,2.4,4.4,3.3,5.0,-2.0,M,B,1,0,1,3.0,,Neutro,Neutro,,,0.0,0.0,,0.0
ALUNO-635,16.0,4.0,5,Veterano,Quartzo,4.494,4.6,3.3,5.0,4.8,5.9,4.0,5.0,-1.0,M,B,0,0,1,6.0,Neutro,Neutro,Positivo,Neutro,0.0,0.0,1.0,0.0,0.0
ALUNO-638,14.0,2.0,2,Veterano,Ágata,6.783,8.5,6.3,6.9,6.1,7.5,7.7,5.0,-2.0,F,R,0,0,2,4.0,Neutro,Positivo,Neutro,,0.0,1.0,0.0,,0.0
ALUNO-642,10.0,2.0,1,Veterano,Ametista,7.082,8.5,7.5,6.3,6.4,6.9,8.2,5.0,-1.0,F,P,0,0,3,2.0,Negativo,Neutro,Positivo,,-1.0,0.0,1.0,,-1.0
ALUNO-644,11.0,3.0,2,Veterano,Topázio,9.163,10.0,10.0,5.0,9.4,8.5,9.7,10.0,0.0,F,B,1,1,4,2.0,Positivo,Positivo,Positivo,,1.0,1.0,1.0,,1.0
ALUNO-645,9.0,1.0,0,Veterano,Ágata,6.633,10.0,6.7,7.5,5.3,7.5,6.2,5.0,-1.0,F,P,0,0,2,1.0,Positivo,Neutro,,,1.0,0.0,,,1.0
ALUNO-646,12.0,2.0,2,Veterano,Ametista,7.396,9.0,7.9,7.5,6.6,7.7,7.8,5.0,-1.0,F,R,0,0,3,3.0,Neutro,Neutro,Neutro,,0.0,0.0,0.0,,0.0
ALUNO-647,12.0,3.0,2,Veterano,Quartzo,3.868,9.5,1.7,5.0,0.0,7.3,4.3,5.0,-1.0,F,B,0,0,1,3.0,Neutro,Neutro,Neutro,,0.0,0.0,0.0,,0.0
ALUNO-653,8.0,0.0,0,Ingressante,Ametista,6.942,9.0,5.8,7.5,4.9,7.5,7.0,10.0,0.0,F,R,0,0,3,0.0,Neutro,Neutro,,,0.0,0.0,,,0.0
ALUNO-657,12.0,2.0,2,Veterano,Ametista,8.046,9.5,6.3,7.5,8.5,9.0,10.0,5.0,-1.0,M,B,0,1,3,3.0,Positivo,Positivo,Positivo,,1.0,1.0,1.0,,1.0
ALUNO-658,9.0,0.0,0,Ingressante,Ágata,5.615,9.5,4.2,7.5,2.8,7.8,6.2,5.0,-1.0,M,R,0,0,2,1.0,Neutro,Positivo,,,0.0,1.0,,,0.0
ALUNO-659,12.0,2.0,3,Veterano,Quartzo,5.348,8.3,3.6,7.5,1.3,7.8,5.1,10.0,0.0,M,R,0,0,1,3.0,Positivo,Neutro,,,1.0,0.0,,,1.0
ALUNO-660,17.0,0.0,5,Ingressante,Quartzo,5.336,8.3,4.7,0.0,5.3,7.9,6.0,5.0,-2.0,F,R,0,0,1,7.0,Positivo,Neutro,Positivo,,1.0,0.0,1.0,,1.0
ALUNO-663,11.0,3.0,2,Veterano,Quartzo,5.479,7.8,2.9,7.5,3.3,6.7,5.2,10.0,0.0,M,P,0,0,1,2.0,Neutro,Neutro,Neutro,,0.0,0.0,0.0,,0.0
ALUNO-664,16.0,2.0,5,Veterano,Topázio,8.681,10.0,8.6,7.5,9.3,8.8,9.9,5.0,-1.0,M,B,1,1,4,6.0,Positivo,Positivo,Positivo,Positivo,1.0,1.0,1.0,1.0,1.0
ALUNO-668,11.0,1.0,2,Veterano,Ágata,6.722,8.0,5.8,7.5,4.5,7.5,6.8,10.0,0.0,F,R,0,0,2,2.0,Neutro,Positivo,Neutro,,0.0,1.0,0.0,,0.0
ALUNO-670,17.0,1.0,6,Veterano,Ametista,7.872,7.9,7.5,7.5,7.9,9.2,9.2,5.0,-1.0,M,P,1,1,3,7.0,Positivo,Positivo,Positivo,Positivo,1.0,1.0,1.0,1.0,1.0
ALUNO-671,11.0,3.0,1,Veterano,Ametista,7.963,9.0,9.6,6.3,7.4,8.3,8.5,5.0,-1.0,F,B,0,0,3,2.0,Positivo,Positivo,Positivo,,1.0,1.0,1.0,,1.0
ALUNO-672,10.0,3.0,1,Veterano,Quartzo,5.411,9.5,3.3,7.5,2.3,7.7,6.6,5.0,-1.0,F,B,0,0,1,2.0,Neutro,Neutro,Neutro,,0.0,0.0,0.0,,0.0
ALUNO-675,15.0,0.0,5,Ingressante,Quartzo,4.600,8.3,2.8,7.5,0.0,7.5,3.6,10.0,0.0,F,R,0,0,1,5.0,Neutro,Neutro,Positivo,,0.0,0.0,1.0,,0.0
ALUNO-681,14.0,3.0,2,Veterano,Ágata,6.842,8.5,6.3,6.9,6.6,7.3,7.5,5.0,-2.0,F,B,0,0,2,4.0,Neutro,Positivo,Positivo,,0.0,1.0,1.0,,1.0
ALUNO-682,11.0,1.0,1,Veterano,Ametista,8.040,8.0,9.6,7.5,7.3,8.1,9.1,5.0,-1.0,M,R,0,1,3,2.0,Neutro,Positivo,Positivo,,0.0,1.0,1.0,,1.0
ALUNO-685,9.0,2.0,0,Veterano,Ágata,6.048,8.5,5.0,6.3,4.7,7.2,7.1,5.0,-1.0,M,B,0,0,2,1.0,Positivo,Neutro,,,1.0,0.0,,,1.0
ALUNO-686,12.0,3.0,0,Veterano,Ametista,6.917,9.5,5.8,7.5,6.5,7.5,7.5,5.0,-2.0,F,R,0,0,3,2.0,Positivo,Neutro,,,1.0,0.0,,,1.0
ALUNO-687,15.0,0.0,3,Ingressante,Quartzo,5.101,6.7,5.0,7.5,2.0,7.3,5.3,5.0,-2.0,M,B,0,0,1,5.0,Neutro,Positivo,Neutro,,0.0,1.0,0.0,,0.0
ALUNO-688,18.0,3.0,7,Veterano,Ametista,7.738,8.3,9.7,5.6,8.3,7.8,7.3,5.0,-1.0,F,R,0,0,3,8.0,Neutro,Positivo,Positivo,Positivo,0.0,1.0,1.0,1.0,1.0
ALUNO-689,12.0,4.0,2,Veterano,Ametista,7.908,8.5,9.2,7.5,7.9,7.5,8.3,5.0,-1.0,F,B,1,0,3,3.0,Positivo,Neutro,Positivo,,1.0,0.0,1.0,,1.0
ALUNO-690,9.0,0.0,0,Ingressante,Ágata,6.042,9.0,8.3,0.0,4.9,7.5,6.2,5.0,-1.0,F,A,0,0,2,1.0,Neutro,Neutro,,,0.0,0.0,,,0.0
ALUNO-693,9.0,1.0,0,Veterano,Ágata,6.675,8.5,5.0,7.5,5.9,7.5,8.3,5.0,-1.0,F,B,0,0,2,1.0,Positivo,Neutro,,,1.0,0.0,,,1.0
ALUNO-694,8.0,0.0,0,Ingressante,Topázio,8.665,9.5,10.0,7.5,7.3,7.8,8.7,10.0,0.0,F,R,0,0,4,0.0,Neutro,Neutro,,,0.0,0.0,,,0.0
ALUNO-695,9.0,1.0,0,Veterano,Topázio,8.263,10.0,10.0,7.5,7.1,7.5,9.3,5.0,-1.0,F,B,0,1,4,1.0,Positivo,Neutro,,,1.0,0.0,,,1.0
ALUNO-698,17.0,1.0,6,Veterano,Ametista,7.294,7.9,8.1,5.6,7.2,8.1,7.9,5.0,-1.0,F,B,0,0,3,7.0,Positivo,Positivo,Positivo,Positivo,1.0,1.0,1.0,1.0,1.0
ALUNO-700,12.0,2.0,2,Veterano,Ágata,6.197,9.5,4.6,7.5,4.9,7.5,6.8,5.0,-1.0,F,B,0,0,2,3.0,Neutro,Neutro,Neutro,,0.0,0.0,0.0,,0.0
ALUNO-703,14.0,2.0,3,Veterano,Ametista,7.106,9.2,6.7,7.5,6.3,7.5,7.9,5.0,-1.0,M,B,0,0,3,4.0,Positivo,Positivo,Positivo,,1.0,1.0,1.0,,1.0
ALUNO-706,13.0,2.0,2,Veterano,Ametista,7.213,10.0,6.3,7.5,6.9,7.7,7.8,5.0,-1.0,F,B,0,0,3,3.0,Neutro,Positivo,Positivo,,0.0,1.0,1.0,,1.0
ALUNO-707,15.0,2.0,2,Veterano,Ágata,6.814,9.5,7.1,7.5,5.4,7.5,8.1,2.5,-3.0,M,B,0,0,2,5.0,Positivo,Positivo,Neutro,,1.0,1.0,0.0,,1.0
ALUNO-708,11.0,2.0,1,Veterano,Ametista,7.286,9.0,9.2,7.5,5.1,8.3,7.2,5.0,-1.0,F,R,0,0,3,2.0,Positivo,Neutro,Neutro,,1.0,0.0,0.0,,0.0
ALUNO-709,11.0,0.0,1,Ingressante,Ametista,7.449,8.5,8.3,7.5,5.8,8.5,8.4,5.0,-1.0,F,B,0,0,3,2.0,Neutro,Positivo,Neutro,,0.0,1.0,0.0,,0.0
ALUNO-710,11.0,3.0,2,Veterano,Topázio,8.713,9.5,9.2,7.5,8.3,8.3,8.4,10.0,0.0,M,R,1,0,4,2.0,Positivo,Neutro,Positivo,,1.0,0.0,1.0,,1.0
ALUNO-713,12.0,2.0,2,Veterano,Quartzo,5.129,0.0,6.3,6.9,2.6,8.1,6.8,5.0,-1.0,F,R,0,0,1,3.0,Neutro,Neutro,Neutro,,0.0,0.0,0.0,,0.0
ALUNO-716,10.0,2.0,2,Veterano,Ametista,6.911,8.5,6.3,7.5,4.5,7.5,7.1,10.0,0.0,M,B,0,0,3,2.0,Neutro,Neutro,Neutro,,0.0,0.0,0.0,,0.0
ALUNO-717,14.0,0.0,3,Ingressante,Quartzo,5.494,8.8,4.7,7.5,3.3,7.1,5.3,5.0,-1.0,M,B,0,0,1,4.0,Positivo,Positivo,Neutro,,1.0,1.0,0.0,,1.0
ALUNO-721,13.0,2.0,2,Veterano,Quartzo,5.029,9.5,3.8,5.6,2.5,6.7,5.5,5.0,-1.0,F,R,0,0,1,3.0,Neutro,Neutro,Neutro,,0.0,0.0,0.0,,0.0
ALUNO-722,11.0,0.0,1,Ingressante,Topázio,8.271,10.0,10.0,7.5,6.9,8.1,9.2,5.0,-1.0,M,B,0,1,4,2.0,Positivo,Positivo,Neutro,,1.0,1.0,0.0,,1.0
ALUNO-725,12.0,3.0,2,Veterano,Quartzo,2.767,0.0,0.4,7.5,0.0,7.5,3.4,5.0,-1.0,M,B,0,0,1,3.0,Neutro,,Neutro,,0.0,,0.0,,0.0
ALUNO-726,8.0,0.0,0,Ingressante,Ágata,5.981,8.4,4.2,7.5,3.4,7.2,5.7,10.0,0.0,M,B,0,0,2,0.0,Neutro,Neutro,,,0.0,0.0,,,0.0
ALUNO-729,15.0,0.0,4,Ingressante,Ágata,5.686,6.7,3.9,7.5,5.8,7.5,5.4,5.0,-1.0,M,R,0,0,2,5.0,Positivo,Neutro,Positivo,Neutro,1.0,0.0,1.0,0.0,1.0
ALUNO-730,16.0,0.0,5,Ingressante,Ágata,5.690,8.3,4.4,5.0,5.8,7.3,5.3,5.0,-1.0,F,B,1,0,2,6.0,Neutro,Neutro,Positivo,Neutro,0.0,0.0,1.0,0.0,0.0
ALUNO-732,15.0,3.0,5,Veterano,Ametista,7.765,7.9,6.4,7.5,8.0,8.1,7.7,10.0,0.0,M,R,1,0,3,5.0,Positivo,Positivo,Positivo,Positivo,1.0,1.0,1.0,1.0,1.0
ALUNO-733,12.0,3.0,3,Veterano,Ametista,6.890,8.8,6.4,6.3,4.4,7.7,7.3,10.0,0.0,M,B,1,0,3,3.0,Positivo,Positivo,Neutro,,1.0,1.0,0.0,,1.0
ALUNO-736,8.0,0.0,0,Ingressante,Quartzo,5.113,9.0,5.0,0.0,3.6,2.5,6.2,10.0,0.0,F,R,0,0,1,0.0,Neutro,Neutro,,,0.0,0.0,,,0.0
ALUNO-737,12.0,2.0,2,Veterano,Ametista,7.431,9.0,7.1,7.5,6.9,8.5,8.1,5.0,-1.0,M,R,0,0,3,3.0,Positivo,Positivo,Neutro,,1.0,1.0,0.0,,1.0
ALUNO-738,13.0,3.0,3,Veterano,Ametista,8.042,9.2,7.8,6.3,8.1,7.5,7.9,10.0,0.0,M,N,1,0,3,3.0,Positivo,Positivo,Neutro,,1.0,1.0,0.0,,1.0
ALUNO-739,14.0,5.0,3,Veterano,Ametista,8.085,9.2,8.1,8.8,7.6,8.1,9.2,5.0,-1.0,F,B,1,1,3,4.0,Positivo,Positivo,Positivo,,1.0,1.0,1.0,,1.0
ALUNO-740,11.0,1.0,0,Veterano,Ágata,6.421,9.0,5.8,7.5,4.2,7.5,7.6,5.0,-2.0,F,P,0,0,2,2.0,Positivo,Neutro,,,1.0,0.0,,,1.0
ALUNO-741,15.0,0.0,5,Ingressante,Ametista,7.002,8.8,4.4,7.5,6.2,8.0,7.3,10.0,0.0,M,R,0,0,3,5.0,Positivo,Neutro,Positivo,Neutro,1.0,0.0,1.0,0.0,1.0
ALUNO-742,13.0,0.0,3,Ingressante,Ametista,7.360,7.5,6.1,7.5,6.8,7.7,7.5,10.0,0.0,F,B,0,0,3,3.0,Positivo,Neutro,Positivo,,1.0,0.0,1.0,,1.0
ALUNO-743,9.0,1.0,1,Veterano,Ametista,8.061,10.0,8.8,5.0,6.4,7.9,8.7,10.0,0.0,M,P,0,0,3,1.0,Neutro,Neutro,Neutro,,0.0,0.0,0.0,,0.0
ALUNO-746,11.0,3.0,2,Veterano,Topázio,9.107,9.0,8.8,8.8,9.3,8.5,9.4,10.0,0.0,F,R,1,1,4,2.0,Positivo,Positivo,Neutro,,1.0,1.0,0.0,,1.0
ALUNO-747,14.0,2.0,4,Veterano,Topázio,8.675,8.8,8.9,7.5,7.4,9.2,9.3,10.0,0.0,M,P,0,1,4,4.0,Positivo,Positivo,Positivo,Positivo,1.0,1.0,1.0,1.0,1.0
ALUNO-748,11.0,0.0,0,Ingressante,Ametista,7.985,10.0,10.0,7.5,6.4,7.8,8.3,5.0,-2.0,F,B,0,0,3,2.0,Positivo,Neutro,,,1.0,0.0,,,1.0
ALUNO-749,15.0,3.0,4,Veterano,Ágata,6.508,6.3,5.0,7.5,7.6,7.5,6.8,5.0,-1.0,F,R,0,0,2,5.0,Positivo,Positivo,Positivo,Positivo,1.0,1.0,1.0,1.0,1.0
ALUNO-753,13.0,2.0,4,Veterano,Quartzo,4.785,8.3,2.5,7.5,0.8,7.2,4.1,10.0,1.0,M,R,0,0,1,3.0,Neutro,Neutro,Positivo,Neutro,0.0,0.0,1.0,0.0,0.0
ALUNO-755,14.0,4.0,4,Veterano,Ágata,6.872,7.1,4.7,6.9,6.8,7.8,7.0,10.0,0.0,F,R,1,0,2,4.0,Positivo,Positivo,Positivo,Positivo,1.0,1.0,1.0,1.0,1.0
ALUNO-757,14.0,4.0,3,Veterano,Quartzo,5.421,7.9,5.3,7.5,2.9,7.3,5.1,5.0,-1.0,F,B,0,0,1,4.0,Neutro,Positivo,Neutro,,0.0,1.0,0.0,,0.0
ALUNO-758,12.0,1.0,2,Veterano,Ametista,6.983,8.5,5.4,7.5,6.5,8.3,8.3,5.0,-1.0,M,B,0,0,3,3.0,Positivo,Positivo,Neutro,,1.0,1.0,0.0,,1.0
ALUNO-760,8.0,1.0,0,Veterano,Ametista,7.360,8.0,5.8,7.5,6.8,7.8,7.5,10.0,0.0,M,B,0,0,3,0.0,Positivo,Neutro,,,1.0,0.0,,,1.0
ALUNO-763,11.0,0.0,1,Ingressante,Ágata,6.546,7.5,7.1,7.5,3.2,7.9,8.5,5.0,-1.0,M,R,0,0,2,2.0,Neutro,Neutro,Neutro,,0.0,0.0,0.0,,0.0
ALUNO-766,16.0,1.0,5,Ingressante,Ametista,7.440,9.2,7.5,7.5,6.5,7.8,8.4,5.0,-1.0,M,R,0,0,3,6.0,Positivo,Positivo,Positivo,Neutro,1.0,1.0,1.0,0.0,1.0
ALUNO-768,15.0,4.0,3,Veterano,Ametista,8.065,8.3,9.2,6.3,8.4,8.1,8.9,5.0,-2.0,M,P,1,0,3,5.0,Positivo,Positivo,Positivo,,1.0,1.0,1.0,,1.0
ALUNO-769,13.0,0.0,3,Ingressante,Topázio,8.401,9.6,7.2,7.5,8.5,7.7,8.9,10.0,0.0,F,B,0,0,4,3.0,Positivo,Positivo,Positivo,,1.0,1.0,1.0,,1.0
ALUNO-773,13.0,5.0,2,Veterano,Topázio,8.921,9.5,10.0,7.5,8.9,9.8,9.8,5.0,-1.0,F,B,1,1,4,3.0,Positivo,Positivo,Positivo,,1.0,1.0,1.0,,1.0
ALUNO-775,11.0,0.0,2,Ingressante,Topázio,9.211,9.5,10.0,7.5,8.9,8.1,9.6,10.0,0.0,F,B,0,1,4,2.0,Positivo,Positivo,Positivo,,1.0,1.0,1.0,,1.0
ALUNO-776,15.0,1.0,3,Veterano,Quartzo,5.424,7.9,4.2,7.5,3.9,6.9,5.4,5.0,-2.0,M,P,0,0,1,5.0,Neutro,Positivo,Neutro,,0.0,1.0,0.0,,0.0
ALUNO-777,14.0,2.0,2,Veterano,Quartzo,5.500,8.0,3.8,7.5,4.3,7.5,6.8,2.5,-3.0,M,R,0,0,1,5.0,Positivo,Neutro,Positivo,,1.0,0.0,1.0,,1.0
ALUNO-781,13.0,1.0,3,Veterano,Quartzo,5.450,8.8,3.1,7.5,3.3,6.7,4.4,10.0,0.0,F,R,0,0,1,3.0,Neutro,Negativo,Neutro,,0.0,-1.0,0.0,,0.0
ALUNO-783,12.0,1.0,2,Veterano,Ágata,6.118,7.5,4.6,7.5,3.6,8.3,8.3,5.0,-1.0,F,R,0,0,2,3.0,Neutro,Positivo,Neutro,,0.0,1.0,0.0,,0.0
ALUNO-784,13.0,0.0,2,Ingressante,Topázio,8.533,9.5,9.2,8.8,7.9,8.5,9.7,5.0,-1.0,M,R,1,1,4,3.0,Positivo,Positivo,Neutro,,1.0,1.0,0.0,,1.0
ALUNO-786,17.0,3.0,5,Veterano,Quartzo,5.341,7.1,6.1,5.0,3.3,7.2,5.1,5.0,-2.0,F,R,0,0,1,7.0,Neutro,Neutro,Positivo,Neutro,0.0,0.0,1.0,0.0,0.0
ALUNO-790,14.0,2.0,4,Veterano,Topázio,8.650,10.0,8.3,7.5,7.5,8.8,9.3,10.0,0.0,M,B,1,1,4,4.0,Positivo,Positivo,Positivo,Positivo,1.0,1.0,1.0,1.0,1.0
ALUNO-792,12.0,4.0,2,Veterano,Quartzo,5.531,6.3,5.8,5.0,4.1,7.5,5.8,5.0,-1.0,M,R,0,0,1,3.0,Neutro,Positivo,Neutro,,0.0,1.0,0.0,,0.0
ALUNO-793,10.0,1.0,1,Veterano,Ágata,6.506,8.0,7.9,7.5,3.9,7.3,6.8,5.0,-1.0,M,B,0,0,2,2.0,Neutro,Neutro,Positivo,,0.0,0.0,1.0,,0.0
ALUNO-794,12.0,4.0,3,Veterano,Ametista,7.211,7.9,7.5,6.3,8.2,7.9,8.1,2.5,-3.0,,,1,0,3,6.0,Positivo,Positivo,Positivo,,1.0,1.0,1.0,,1.0
ALUNO-796,14.0,3.0,4,Veterano,Ágata,5.943,8.3,6.7,7.5,2.3,7.3,4.2,10.0,0.0,F,R,0,0,2,4.0,Neutro,Neutro,Positivo,Neutro,0.0,0.0,1.0,0.0,0.0
ALUNO-797,13.0,2.0,2,Veterano,Quartzo,2.468,0.0,0.4,6.3,0.0,6.9,4.1,2.5,-4.0,F,R,0,0,1,6.0,Neutro,Neutro,Neutro,,0.0,0.0,0.0,,0.0
ALUNO-798,14.0,0.0,3,Ingressante,Ametista,7.250,9.2,7.5,7.5,6.5,7.5,7.7,5.0,-1.0,M,B,0,0,3,4.0,Positivo,Positivo,Positivo,,1.0,1.0,1.0,,1.0
ALUNO-802,8.0,0.0,0,Ingressante,Topázio,9.046,9.5,10.0,7.5,7.9,8.8,9.4,10.0,0.0,M,R,0,1,4,0.0,Positivo,Neutro,,,1.0,0.0,,,1.0
ALUNO-803,8.0,1.0,0,Veterano,Ametista,7.133,8.5,6.7,7.5,6.6,8.8,7.5,5.0,-1.0,M,B,0,0,3,1.0,Neutro,,,,0.0,,,,0.0
ALUNO-805,9.0,0.0,1,Ingressante,Ametista,6.993,8.5,5.8,7.5,5.1,8.1,6.9,10.0,0.0,F,B,0,0,3,1.0,Neutro,Neutro,Positivo,,0.0,0.0,1.0,,0.0
ALUNO-807,9.0,2.0,1,Veterano,Topázio,9.176,10.0,10.0,5.0,9.1,9.0,9.8,10.0,0.0,M,R,0,1,4,1.0,Positivo,Positivo,Positivo,,1.0,1.0,1.0,,1.0
ALUNO-809,11.0,0.0,1,Ingressante,Quartzo,4.769,10.0,2.5,7.5,0.0,7.2,6.5,5.0,-1.0,F,R,0,0,1,2.0,,Neutro,Neutro,,,0.0,0.0,,0.0
ALUNO-811,12.0,3.0,2,Veterano,Ametista,7.196,8.0,8.3,7.5,6.3,7.5,7.3,5.0,-1.0,M,R,1,0,3,3.0,Neutro,Neutro,Neutro,,0.0,0.0,0.0,,0.0
ALUNO-812,11.0,0.0,0,Ingressante,Ametista,8.075,10.0,10.0,7.5,7.1,7.5,8.3,5.0,-2.0,F,B,0,0,3,2.0,Neutro,Neutro,,,0.0,0.0,,,0.0
ALUNO-813,10.0,3.0,2,Veterano,Ametista,7.275,9.0,7.5,7.5,3.9,7.7,7.8,10.0,0.0,M,B,0,0,3,2.0,Neutro,Neutro,Neutro,,0.0,0.0,0.0,,0.0
ALUNO-814,12.0,2.0,2,Veterano,Ágata,6.231,7.9,5.0,7.5,4.4,7.9,7.6,5.0,-1.0,M,R,0,0,2,3.0,Neutro,Positivo,Neutro,,0.0,1.0,0.0,,0.0
ALUNO-817,11.0,2.0,2,Veterano,Ametista,7.549,9.0,7.5,7.5,7.6,7.9,9.2,2.5,-3.0,F,R,0,1,3,5.0,Positivo,Positivo,Positivo,,1.0,1.0,1.0,,1.0
ALUNO-818,8.0,0.0,0,Ingressante,Ametista,6.958,8.0,6.7,7.5,4.4,7.5,7.3,10.0,0.0,F,R,0,0,3,0.0,Neutro,Neutro,,,0.0,0.0,,,0.0
ALUNO-820,15.0,4.0,5,Veterano,Ametista,8.073,8.8,6.1,7.5,8.2,8.6,8.7,10.0,0.0,F,R,1,0,3,5.0,Positivo,Positivo,Positivo,Neutro,1.0,1.0,1.0,0.0,1.0
ALUNO-822,8.0,0.0,0,Ingressante,Topázio,8.758,9.5,10.0,7.5,6.6,8.1,9.7,10.0,0.0,F,R,0,1,4,0.0,Positivo,Positivo,,,1.0,1.0,,,1.0
ALUNO-823,11.0,3.0,2,Veterano,Ametista,7.207,8.5,7.1,7.5,3.9,7.9,8.1,10.0,0.0,M,R,1,0,3,2.0,Neutro,Neutro,Neutro,,0.0,0.0,0.0,,0.0
ALUNO-824,11.0,2.0,1,Veterano,Ametista,7.760,9.0,10.0,7.5,4.9,8.1,9.1,5.0,-1.0,M,R,0,1,3,2.0,Neutro,Positivo,Positivo,,0.0,1.0,1.0,,1.0
ALUNO-825,14.0,3.0,3,Veterano,Quartzo,4.286,7.9,2.8,6.3,1.2,6.3,4.8,5.0,-1.0,M,B,1,0,1,4.0,Neutro,Negativo,Neutro,,0.0,-1.0,0.0,,0.0
ALUNO-826,12.0,1.0,2,Veterano,Quartzo,4.186,0.0,2.5,7.5,1.0,7.9,7.2,5.0,-1.0,M,R,0,0,1,3.0,Neutro,Neutro,Neutro,,0.0,0.0,0.0,,0.0
ALUNO-827,9.0,0.0,0,Ingressante,Ágata,6.733,9.0,5.0,7.5,6.0,7.5,8.2,5.0,-1.0,F,B,0,0,2,1.0,Neutro,Neutro,,,0.0,0.0,,,0.0
ALUNO-828,16.0,5.0,5,Veterano,Ametista,7.482,9.2,7.5,7.5,7.3,8.1,7.7,5.0,-1.0,M,R,1,0,3,6.0,Positivo,Positivo,Positivo,Neutro,1.0,1.0,1.0,0.0,1.0
ALUNO-829,13.0,4.0,3,Veterano,Ágata,6.418,10.0,3.9,7.5,3.6,7.3,7.2,10.0,0.0,M,R,0,0,2,3.0,Positivo,Neutro,Neutro,,1.0,0.0,0.0,,0.0
ALUNO-830,14.0,4.0,5,Veterano,Topázio,8.506,10.0,7.8,7.5,7.9,8.8,8.8,10.0,1.0,F,R,1,0,4,4.0,Positivo,Positivo,Positivo,Neutro,1.0,1.0,1.0,0.0,1.0
ALUNO-831,12.0,2.0,1,Veterano,Ametista,7.351,9.5,10.0,7.5,3.6,7.7,8.3,5.0,-2.0,M,B,0,0,3,3.0,Neutro,Neutro,Positivo,,0.0,0.0,1.0,,0.0
ALUNO-833,9.0,0.0,0,Ingressante,Ágata,5.825,8.5,8.3,4.4,4.4,2.5,6.2,5.0,-1.0,F,B,0,0,2,1.0,Neutro,Negativo,,,0.0,-1.0,,,0.0
ALUNO-834,14.0,0.0,3,Ingressante,Quartzo,5.506,6.7,3.1,6.9,5.8,7.3,5.7,5.0,-1.0,F,B,0,0,1,4.0,Positivo,Neutro,Neutro,,1.0,0.0,0.0,,0.0
ALUNO-835,12.0,5.0,2,Veterano,Quartzo,4.335,0.0,5.4,5.6,1.6,7.8,5.4,5.0,-1.0,M,B,0,0,1,3.0,Neutro,,Neutro,,0.0,,0.0,,0.0
ALUNO-838,16.0,5.0,6,Veterano,Ágata,6.315,7.5,7.2,2.5,5.3,7.7,5.2,10.0,0.0,M,B,1,0,2,6.0,Negativo,Positivo,,Neutro,-1.0,1.0,,0.0,-1.0
ALUNO-840,9.0,2.0,0,Veterano,Ágata,6.598,9.0,8.3,4.4,6.6,5.3,6.2,5.0,-1.0,F,R,0,0,2,1.0,Neutro,Negativo,,,0.0,-1.0,,,0.0
ALUNO-843,17.0,0.0,6,Ingressante,Ágata,6.644,7.1,7.2,5.6,7.3,6.9,6.5,5.0,-1.0,M,R,0,0,2,7.0,Neutro,Positivo,Negativo,Positivo,0.0,1.0,-1.0,1.0,1.0
ALUNO-845,13.0,0.0,3,Ingressante,Ágata,5.683,8.8,4.4,4.4,4.5,6.0,4.9,10.0,0.0,M,B,0,0,2,3.0,Positivo,Positivo,Neutro,,1.0,1.0,0.0,,1.0
ALUNO-848,13.0,2.0,2,Veterano,Ágata,6.850,8.5,7.9,7.5,4.9,8.1,6.8,5.0,-1.0,F,R,0,0,2,3.0,Neutro,Neutro,Neutro,,0.0,0.0,0.0,,0.0
ALUNO-849,11.0,1.0,2,Veterano,Ametista,7.444,7.5,8.3,8.1,4.6,7.9,7.6,10.0,0.0,M,P,0,0,3,2.0,Neutro,Positivo,Positivo,,0.0,1.0,1.0,,1.0
ALUNO-850,13.0,5.0,3,Veterano,Ametista,8.151,9.2,7.5,7.5,6.6,8.1,9.3,10.0,0.0,F,R,1,1,3,3.0,Positivo,Positivo,Positivo,,1.0,1.0,1.0,,1.0
ALUNO-851,10.0,2.0,1,Veterano,Ametista,7.713,9.5,9.6,7.5,4.8,8.1,9.2,5.0,-1.0,M,P,0,1,3,2.0,Neutro,Positivo,Positivo,,0.0,1.0,1.0,,1.0
ALUNO-855,14.0,1.0,2,Veterano,Ágata,6.243,8.0,7.1,7.5,2.8,7.9,7.1,5.0,-2.0,M,B,0,0,2,4.0,Neutro,Neutro,Neutro,,0.0,0.0,0.0,,0.0
ALUNO-858,11.0,2.0,2,Veterano,Topázio,8.586,9.5,10.0,7.5,6.2,7.7,9.4,10.0,0.0,F,B,0,1,4,2.0,Neutro,Positivo,Neutro,,0.0,1.0,0.0,,0.0
ALUNO-860,15.0,3.0,3,Veterano,Ametista,7.069,8.8,5.0,7.5,7.2,8.3,8.4,5.0,-2.0,M,B,0,0,3,5.0,Positivo,Positivo,Positivo,,1.0,1.0,1.0,,1.0
ALUNO-861,15.0,1.0,3,Veterano,Ametista,7.724,9.2,8.3,7.5,7.7,7.7,7.9,5.0,-2.0,M,B,0,0,3,5.0,Positivo,Positivo,Positivo,,1.0,1.0,1.0,,1.0
ALUNO-862,11.0,2.0,1,Veterano,Ametista,7.990,9.0,9.6,7.5,6.5,8.1,9.1,5.0,-1.0,F,R,0,1,3,2.0,Neutro,Neutro,Positivo,,0.0,0.0,1.0,,0.0
ALUNO-865,9.0,0.0,0,Ingressante,Topázio,8.396,9.5,10.0,7.5,7.3,8.1,9.7,5.0,-1.0,M,R,0,1,4,1.0,Positivo,Positivo,,,1.0,1.0,,,1.0
ALUNO-866,9.0,2.0,1,Veterano,Topázio,8.846,8.5,10.0,7.5,8.4,7.7,9.0,10.0,0.0,F,P,1,1,4,1.0,Positivo,Neutro,Neutro,,1.0,0.0,0.0,,0.0
ALUNO-867,13.0,0.0,1,Ingressante,Quartzo,4.088,0.0,2.1,8.1,1.7,6.9,6.7,5.0,-2.0,M,B,0,0,1,3.0,Neutro,,Neutro,,0.0,,0.0,,0.0
ALUNO-868,8.0,0.0,0,Ingressante,Ametista,8.081,9.0,8.3,7.5,7.0,7.8,7.9,10.0,0.0,F,B,0,0,3,0.0,Neutro,Neutro,,,0.0,0.0,,,0.0
ALUNO-871,11.0,0.0,0,Ingressante,Ágata,6.258,8.5,6.7,7.5,2.9,7.5,7.5,5.0,-2.0,F,B,0,0,2,2.0,Positivo,Neutro,,,1.0,0.0,,,1.0
ALUNO-872,13.0,4.0,3,Veterano,Quartzo,4.451,6.7,2.2,5.0,2.9,5.2,3.7,10.0,0.0,M,R,1,0,1,3.0,Negativo,Positivo,Neutro,,-1.0,1.0,0.0,,-1.0
ALUNO-873,12.0,1.0,1,Veterano,Ágata,5.864,10.0,5.8,7.5,1.5,7.9,6.8,5.0,-2.0,F,P,0,0,2,3.0,Neutro,Neutro,Neutro,,0.0,0.0,0.0,,0.0
ALUNO-874,15.0,5.0,5,Veterano,Ágata,6.192,7.1,6.7,6.9,2.7,7.2,6.1,10.0,0.0,F,B,1,0,2,5.0,Positivo,Neutro,Positivo,Neutro,1.0,0.0,1.0,0.0,1.0
ALUNO-875,11.0,0.0,0,Ingressante,Ametista,8.069,8.0,10.0,7.5,7.1,8.4,8.8,5.0,-2.0,M,R,0,0,3,2.0,Neutro,Neutro,,,0.0,0.0,,,0.0
ALUNO-877,13.0,2.0,2,Veterano,Ágata,6.379,7.4,7.5,7.5,1.9,8.1,8.5,5.0,-1.0,F,B,0,0,2,3.0,Neutro,Positivo,Neutro,,0.0,1.0,0.0,,0.0
ALUNO-878,9.0,0.0,0,Ingressante,Ametista,7.083,9.0,6.7,7.5,6.7,5.6,8.5,5.0,-1.0,M,B,0,0,3,1.0,Neutro,Positivo,,,0.0,1.0,,,0.0
ALUNO-884,17.0,0.0,5,Ingressante,Quartzo,4.511,7.9,3.9,0.0,2.1,7.5,6.4,5.0,-2.0,F,B,0,0,1,7.0,Positivo,Negativo,Positivo,Neutro,1.0,-1.0,1.0,0.0,1.0
ALUNO-885,9.0,0.0,1,Ingressante,Ametista,7.772,10.0,8.3,7.5,3.9,8.1,8.8,10.0,0.0,F,R,0,0,3,1.0,Positivo,Neutro,Neutro,,1.0,0.0,0.0,,0.0
ALUNO-886,8.0,1.0,0,Veterano,Topázio,8.544,9.5,10.0,7.5,7.1,7.8,8.3,10.0,0.0,M,B,0,0,4,0.0,Positivo,Neutro,,,1.0,0.0,,,1.0
ALUNO-889,13.0,2.0,2,Veterano,Ametista,7.933,8.5,8.3,7.5,8.3,7.5,8.8,5.0,-1.0,F,B,0,0,3,3.0,Positivo,Neutro,Positivo,,1.0,0.0,1.0,,1.0
ALUNO-890,13.0,3.0,3,Veterano,Ágata,6.058,10.0,5.3,7.5,2.3,7.2,5.4,10.0,0.0,M,R,0,0,2,3.0,Positivo,Positivo,,,1.0,1.0,,,1.0
ALUNO-892,12.0,2.0,1,Veterano,Ametista,7.411,7.0,9.6,5.6,6.9,8.3,7.6,5.0,-2.0,M,R,0,0,3,3.0,Positivo,Neutro,Positivo,,1.0,0.0,1.0,,1.0
ALUNO-897,14.0,0.0,3,Veterano,Quartzo,5.135,7.9,3.3,6.9,4.3,6.7,4.8,5.0,-1.0,M,R,0,0,1,4.0,Neutro,Negativo,Neutro,,0.0,-1.0,0.0,,0.0
ALUNO-899,11.0,2.0,2,Veterano,Ametista,8.092,8.0,7.1,7.5,7.9,7.5,9.0,10.0,0.0,M,R,0,1,3,2.0,Neutro,Neutro,Neutro,,0.0,0.0,0.0,,0.0
ALUNO-900,14.0,0.0,3,Ingressante,Ágata,5.835,7.9,5.6,7.5,5.4,7.3,4.4,5.0,-1.0,F,R,0,0,2,4.0,Neutro,Neutro,Neutro,,0.0,0.0,0.0,,0.0
ALUNO-902,9.0,2.0,0,Veterano,Ametista,7.273,8.5,10.0,7.5,5.4,7.8,6.6,5.0,-1.0,M,B,0,0,3,1.0,Neutro,Neutro,,,0.0,0.0,,,0.0
ALUNO-903,9.0,1.0,1,Ingressante,Topázio,9.069,9.0,10.0,7.5,8.3,8.1,9.7,10.0,0.0,M,R,1,1,4,1.0,Positivo,Positivo,Positivo,,1.0,1.0,1.0,,1.0
ALUNO-904,14.0,1.0,4,Veterano,Ametista,7.144,9.2,5.6,7.5,5.9,7.5,7.2,10.0,0.0,F,B,0,0,3,4.0,Positivo,Positivo,Positivo,Positivo,1.0,1.0,1.0,1.0,1.0
ALUNO-905,9.0,0.0,0,Ingressante,Ágata,6.133,9.5,5.8,7.5,3.5,7.5,6.6,5.0,-1.0,M,R,0,0,2,1.0,Neutro,Neutro,,,0.0,0.0,,,0.0
ALUNO-906,17.0,4.0,5,Veterano,Topázio,8.632,9.6,9.2,7.5,6.8,7.7,9.9,10.0,0.0,F,R,1,1,4,5.0,Positivo,Positivo,Positivo,Neutro,1.0,1.0,1.0,0.0,1.0
ALUNO-907,10.0,1.0,2,Veterano,Quartzo,5.364,0.0,3.8,7.5,3.1,7.3,7.6,10.0,0.0,F,B,0,0,1,2.0,Positivo,Positivo,Neutro,,1.0,1.0,0.0,,1.0
ALUNO-909,13.0,2.0,2,Veterano,Ágata,6.082,9.5,5.4,7.5,3.1,7.3,7.2,5.0,-1.0,M,R,0,0,2,3.0,Neutro,Positivo,Neutro,,0.0,1.0,0.0,,0.0
ALUNO-910,17.0,5.0,6,Veterano,Ágata,6.772,8.8,7.8,7.5,5.0,7.5,6.7,5.0,-1.0,F,R,0,0,2,7.0,Neutro,Positivo,Positivo,Positivo,0.0,1.0,1.0,1.0,1.0
ALUNO-911,16.0,2.0,4,Veterano,Ágata,6.239,6.7,6.9,5.0,5.1,7.5,7.0,5.0,-2.0,F,B,0,0,2,6.0,Positivo,Neutro,Positivo,Neutro,1.0,0.0,1.0,0.0,1.0
ALUNO-914,13.0,0.0,2,Ingressante,Quartzo,5.061,0.0,2.9,7.5,4.6,7.7,7.7,5.0,-1.0,M,B,0,0,1,3.0,Neutro,Neutro,Neutro,,0.0,0.0,0.0,,0.0
ALUNO-916,14.0,4.0,4,Veterano,Topázio,8.866,8.3,9.7,7.5,7.8,9.2,9.3,10.0,0.0,F,R,1,1,4,4.0,Positivo,Positivo,Positivo,Positivo,1.0,1.0,1.0,1.0,1.0
ALUNO-919,16.0,1.0,6,Veterano,Ágata,6.517,7.5,3.9,7.5,5.5,7.8,6.8,10.0,0.0,F,R,0,0,2,6.0,Neutro,Positivo,Positivo,Positivo,0.0,1.0,1.0,1.0,1.0
ALUNO-922,11.0,2.0,2,Veterano,Ametista,7.475,8.5,6.7,6.3,5.6,8.5,8.5,10.0,0.0,F,P,0,0,3,2.0,Positivo,Positivo,Positivo,,1.0,1.0,1.0,,1.0
ALUNO-923,9.0,1.0,0,Veterano,Ágata,5.910,8.0,8.3,5.0,3.9,6.6,5.0,5.0,-1.0,F,R,0,0,2,1.0,Neutro,Neutro,,,0.0,0.0,,,0.0
ALUNO-926,13.0,3.0,2,Veterano,Ametista,7.219,9.0,7.9,5.0,6.9,7.5,8.1,5.0,-1.0,M,P,0,0,3,3.0,Neutro,Positivo,Positivo,,0.0,1.0,1.0,,1.0
ALUNO-927,10.0,1.0,1,Veterano,Ametista,7.247,7.4,8.8,7.5,4.7,8.1,8.8,5.0,-1.0,M,R,0,0,3,2.0,Positivo,Neutro,Neutro,,1.0,0.0,0.0,,0.0
ALUNO-930,16.0,2.0,5,Veterano,Topázio,8.355,10.0,8.3,7.5,9.0,8.0,9.3,5.0,-1.0,M,B,1,1,4,6.0,Positivo,Positivo,Positivo,Positivo,1.0,1.0,1.0,1.0,1.0
ALUNO-931,10.0,2.0,1,Veterano,Ametista,7.757,8.5,9.6,6.9,6.6,8.3,8.2,5.0,-1.0,M,B,0,0,3,2.0,Positivo,Positivo,Neutro,,1.0,1.0,0.0,,1.0
ALUNO-932,13.0,4.0,3,Veterano,Ametista,7.289,10.0,5.8,7.5,6.4,7.1,6.9,10.0,0.0,M,B,0,0,3,3.0,Positivo,Positivo,Neutro,,1.0,1.0,0.0,,1.0
ALUNO-937,11.0,3.0,2,Ingressante,Topázio,8.581,10.0,8.3,7.5,8.3,8.1,8.4,10.0,0.0,F,B,0,0,4,2.0,Positivo,Positivo,Neutro,,1.0,1.0,0.0,,1.0
ALUNO-938,14.0,5.0,3,Veterano,Ágata,6.883,8.8,7.5,6.3,6.0,7.9,7.0,5.0,-1.0,F,B,1,0,2,4.0,Positivo,Positivo,Positivo,,1.0,1.0,1.0,,1.0
ALUNO-939,14.0,0.0,3,Ingressante,Ágata,6.469,9.2,5.0,4.4,7.4,9.1,6.2,5.0,-1.0,M,R,0,0,2,4.0,Positivo,Positivo,Neutro,,1.0,1.0,0.0,,1.0
ALUNO-940,10.0,2.0,1,Veterano,Ágata,6.557,8.5,8.3,7.5,2.9,7.9,7.1,5.0,-1.0,F,B,0,0,2,2.0,Neutro,Neutro,Neutro,,0.0,0.0,0.0,,0.0
ALUNO-944,15.0,4.0,3,Veterano,Quartzo,4.625,9.2,4.7,5.6,1.3,7.3,3.6,5.0,-2.0,M,B,0,0,1,5.0,Neutro,Positivo,Neutro,,0.0,1.0,0.0,,0.0
ALUNO-945,15.0,0.0,3,Ingressante,Ametista,7.747,8.8,6.4,7.5,9.0,8.3,8.6,5.0,-2.0,F,R,0,0,3,5.0,Positivo,Positivo,Positivo,,1.0,1.0,1.0,,1.0
ALUNO-946,13.0,0.0,3,Ingressante,Ametista,7.542,7.9,6.1,7.5,7.1,7.5,8.1,10.0,0.0,F,B,0,0,3,3.0,Positivo,Neutro,Positivo,,1.0,0.0,1.0,,1.0
ALUNO-947,11.0,0.0,1,Ingressante,Ametista,7.310,8.5,8.8,7.5,5.1,8.1,8.1,5.0,-1.0,M,B,0,0,3,2.0,Neutro,Neutro,Neutro,,0.0,0.0,0.0,,0.0
ALUNO-948,14.0,3.0,3,Veterano,Ametista,6.908,8.3,6.4,7.5,6.2,7.5,7.8,5.0,-1.0,F,B,0,0,3,4.0,Positivo,Positivo,Neutro,,1.0,1.0,0.0,,1.0
ALUNO-951,17.0,1.0,6,Veterano,Ametista,7.233,8.3,7.2,7.5,7.0,8.0,7.6,5.0,-1.0,M,R,1,0,3,7.0,Positivo,Positivo,Positivo,Positivo,1.0,1.0,1.0,1.0,1.0
ALUNO-956,8.0,0.0,0,Ingressante,Ametista,7.604,9.0,7.5,7.5,5.9,7.5,7.6,10.0,0.0,M,B,0,0,3,0.0,Neutro,Neutro,,,0.0,0.0,,,0.0
ALUNO-957,11.0,2.0,2,Veterano,Ametista,7.440,7.5,7.5,7.5,5.3,8.1,7.9,10.0,0.0,F,R,1,0,3,2.0,Neutro,Neutro,Neutro,,0.0,0.0,0.0,,0.0
ALUNO-958,16.0,3.0,4,Ingressante,Ametista,7.494,7.1,8.1,6.9,7.6,8.1,8.3,5.0,-2.0,M,R,1,0,3,6.0,Positivo,Positivo,Positivo,Positivo,1.0,1.0,1.0,1.0,1.0
ALUNO-959,11.0,0.0,1,Ingressante,Ametista,8.064,9.0,10.0,7.5,6.1,8.1,9.4,5.0,-1.0,M,P,0,1,3,2.0,Positivo,Neutro,Positivo,,1.0,0.0,1.0,,1.0
ALUNO-961,10.0,2.0,2,Veterano,Ametista,7.261,9.5,7.5,6.3,4.2,7.7,7.9,10.0,0.0,F,R,1,0,3,2.0,Neutro,Neutro,Neutro,,0.0,0.0,0.0,,0.0
ALUNO-963,11.0,0.0,1,Ingressante,Ametista,7.885,7.0,9.6,7.5,7.3,8.1,8.8,5.0,-1.0,F,R,0,0,3,2.0,Neutro,Neutro,Positivo,,0.0,0.0,1.0,,0.0
ALUNO-964,12.0,1.0,2,Ingressante,Ágata,6.029,0.0,5.4,7.5,6.3,8.3,8.0,5.0,-1.0,F,B,0,0,2,3.0,Positivo,Positivo,Neutro,,1.0,1.0,0.0,,1.0
ALUNO-965,13.0,3.0,3,Veterano,Ametista,7.239,8.8,6.1,7.5,5.0,7.5,8.2,10.0,0.0,M,R,0,0,3,3.0,Positivo,Positivo,Neutro,,1.0,1.0,0.0,,1.0
ALUNO-966,11.0,0.0,0,Ingressante,Quartzo,3.300,8.0,0.0,7.5,0.0,2.5,5.0,5.0,-2.0,F,R,0,0,1,2.0,,Negativo,,,,-1.0,,,-1.0
ALUNO-969,11.0,0.0,0,Ingressante,Topázio,8.596,9.5,10.0,7.5,7.7,8.8,9.9,5.0,-2.0,F,R,0,1,4,2.0,Positivo,Neutro,,,1.0,0.0,,,1.0
ALUNO-972,9.0,0.0,0,Ingressante,Topázio,8.254,9.5,10.0,7.5,6.6,8.1,9.6,5.0,-1.0,M,B,0,1,4,1.0,Positivo,Positivo,,,1.0,1.0,,,1.0
ALUNO-973,10.0,2.0,1,Veterano,Ágata,5.933,6.3,7.9,6.3,2.7,6.9,6.8,5.0,-1.0,F,B,0,0,2,2.0,Negativo,Neutro,Neutro,,-1.0,0.0,0.0,,0.0
ALUNO-977,11.0,0.0,1,Ingressante,Ágata,6.249,9.0,7.1,7.5,5.4,5.8,5.1,5.0,-1.0,F,R,0,0,2,2.0,Neutro,Neutro,Neutro,,0.0,0.0,0.0,,0.0
ALUNO-983,11.0,3.0,3,Veterano,Topázio,8.296,7.9,7.5,7.5,7.2,8.5,9.8,10.0,1.0,F,B,1,1,4,2.0,Positivo,Positivo,Neutro,,1.0,1.0,0.0,,1.0
ALUNO-984,11.0,4.0,1,Veterano,Quartzo,4.081,9.5,0.4,7.5,1.1,7.2,4.3,5.0,-1.0,M,R,0,0,1,2.0,,Neutro,Neutro,,,0.0,0.0,,0.0
ALUNO-986,15.0,3.0,4,Veterano,Ágata,6.427,8.8,6.4,1.9,6.3,8.3,7.5,5.0,-1.0,M,B,0,0,2,5.0,Positivo,Positivo,Positivo,Positivo,1.0,1.0,1.0,1.0,1.0
ALUNO-987,8.0,0.0,0,Ingressante,Ametista,7.965,9.0,8.3,7.5,6.1,7.2,8.6,10.0,0.0,M,B,0,0,3,0.0,Neutro,Neutro,,,0.0,0.0,,,0.0
ALUNO-989,13.0,1.0,2,Veterano,Quartzo,5.207,0.0,3.3,7.5,5.8,7.5,6.9,5.0,-1.0,F,R,0,0,1,3.0,Neutro,Neutro,Positivo,,0.0,0.0,1.0,,0.0
ALUNO-991,11.0,2.0,2,Veterano,Ametista,7.107,9.0,5.4,7.5,5.2,7.9,7.7,10.0,0.0,F,B,0,0,3,2.0,Neutro,Positivo,Neutro,,0.0,1.0,0.0,,0.0
ALUNO-993,15.0,3.0,5,Veterano,Ágata,6.050,5.4,3.6,5.0,6.6,7.0,6.3,10.0,0.0,F,R,1,0,2,5.0,Neutro,Positivo,Positivo,Neutro,0.0,1.0,1.0,0.0,0.0
ALUNO-994,12.0,2.0,2,Veterano,Ametista,7.604,9.5,7.5,7.5,7.4,7.5,8.3,5.0,-1.0,M,R,0,0,3,3.0,Positivo,Positivo,Neutro,,1.0,1.0,0.0,,1.0
ALUNO-995,11.0,2.0,1,Veterano,Ágata,5.751,8.0,5.8,7.5,0.9,7.7,7.9,5.0,-1.0,M,B,0,0,2,2.0,Neutro,Neutro,Neutro,,0.0,0.0,0.0,,0.0
ALUNO-996,11.0,3.0,2,Veterano,Ametista,6.892,9.0,5.8,7.5,5.6,7.3,6.2,10.0,0.0,F,B,1,0,3,2.0,Neutro,Neutro,Neutro,,0.0,0.0,0.0,,0.0
ALUNO-997,10.0,2.0,2,Veterano,Topázio,8.767,8.5,10.0,5.0,8.6,7.9,9.5,10.0,0.0,M,B,1,1,4,2.0,Neutro,Positivo,Neutro,,0.0,1.0,0.0,,0.0
ALUNO-999,13.0,3.0,3,Veterano,Ágata,6.858,7.9,6.1,4.4,6.4,6.9,7.2,10.0,0.0,F,R,1,0,2,3.0,Positivo,Positivo,Positivo,,1.0,1.0,1.0,,1.0
ALUNO-1001,8.0,0.0,0,Ingressante,Topázio,8.931,9.5,10.0,7.5,6.9,8.4,10.0,10.0,0.0,F,B,0,1,4,0.0,Positivo,Positivo,,,1.0,1.0,,,1.0
ALUNO-1002,15.0,1.0,3,Veterano,Ametista,7.693,8.8,8.3,7.5,7.5,7.7,8.1,5.0,-2.0,M,P,0,0,3,5.0,Positivo,Positivo,Positivo,,1.0,1.0,1.0,,1.0
ALUNO-1004,9.0,1.0,0,Veterano,Ametista,7.506,10.0,10.0,6.9,6.4,7.8,6.3,5.0,-2.0,M,B,0,0,3,2.0,Neutro,Neutro,,,0.0,0.0,,,0.0
ALUNO-1007,12.0,2.0,2,Veterano,Quartzo,3.752,0.0,1.7,7.5,0.8,7.2,6.5,5.0,-1.0,F,B,0,0,1,3.0,Neutro,Positivo,,,0.0,1.0,,,0.0
ALUNO-1009,8.0,0.0,0,Ingressante,Ametista,7.400,7.0,10.0,7.5,6.3,2.5,7.2,10.0,0.0,M,R,0,0,3,0.0,Neutro,Neutro,,,0.0,0.0,,,0.0
ALUNO-1010,10.0,2.0,1,Veterano,Ametista,7.449,8.0,10.0,7.5,5.2,7.5,8.1,5.0,-1.0,F,P,0,0,3,2.0,Positivo,Neutro,Positivo,,1.0,0.0,1.0,,1.0
ALUNO-1013,13.0,0.0,2,Ingressante,Ametista,7.292,9.0,7.9,7.5,6.1,8.1,7.7,5.0,-1.0,F,P,0,0,3,3.0,Neutro,Positivo,Neutro,,0.0,1.0,0.0,,0.0
ALUNO-1014,11.0,2.0,1,Veterano,Ametista,7.636,9.0,8.3,7.5,6.3,8.1,8.7,5.0,-1.0,F,B,0,0,3,2.0,Positivo,Neutro,Neutro,,1.0,0.0,0.0,,0.0
ALUNO-1015,13.0,3.0,3,Veterano,Topázio,8.475,9.6,8.9,7.5,6.9,7.9,9.1,10.0,0.0,F,R,1,1,4,3.0,Positivo,Positivo,Positivo,,1.0,1.0,1.0,,1.0
ALUNO-1016,13.0,2.0,2,Veterano,Quartzo,4.946,9.0,0.8,7.5,1.1,7.5,8.3,5.0,-1.0,M,R,0,0,1,3.0,Positivo,Positivo,Neutro,,1.0,1.0,0.0,,1.0
ALUNO-1017,12.0,3.0,3,Veterano,Ametista,7.844,8.8,7.2,7.5,5.8,7.9,9.2,10.0,1.0,F,B,1,1,3,2.0,Positivo,Positivo,Positivo,,1.0,1.0,1.0,,1.0
ALUNO-1022,9.0,1.0,1,Veterano,Ametista,7.219,9.0,9.2,7.5,1.9,7.7,7.9,10.0,0.0,F,R,0,0,3,1.0,Neutro,Neutro,Neutro,,0.0,0.0,0.0,,0.0
ALUNO-1023,9.0,0.0,0,Ingressante,Ametista,7.896,9.0,10.0,7.5,5.8,7.5,9.2,5.0,-1.0,F,P,0,1,3,1.0,Neutro,Neutro,,,0.0,0.0,,,0.0
ALUNO-1026,13.0,0.0,3,Ingressante,Ametista,7.008,9.6,6.1,7.5,5.6,7.1,6.2,10.0,0.0,M,R,0,0,3,3.0,Positivo,Neutro,Neutro,,1.0,0.0,0.0,,0.0
ALUNO-1027,16.0,5.0,6,Veterano,Ágata,5.672,7.5,3.9,0.0,6.8,7.1,5.4,10.0,0.0,F,R,1,0,2,6.0,Neutro,Positivo,,Positivo,0.0,1.0,,1.0,1.0
ALUNO-1028,13.0,2.0,2,Veterano,Ametista,6.917,8.4,5.4,7.5,7.1,7.5,7.8,5.0,-1.0,F,R,0,0,3,3.0,Neutro,Neutro,Positivo,,0.0,0.0,1.0,,0.0
ALUNO-1029,11.0,2.0,2,Veterano,Topázio,8.782,9.0,7.9,7.5,8.4,9.2,9.7,10.0,0.0,F,B,0,1,4,2.0,Positivo,Positivo,Positivo,,1.0,1.0,1.0,,1.0
ALUNO-1031,9.0,1.0,1,Veterano,Topázio,8.863,9.5,10.0,7.5,8.1,7.5,9.0,10.0,0.0,M,B,0,1,4,1.0,Positivo,Neutro,Neutro,,1.0,0.0,0.0,,0.0
ALUNO-1032,13.0,0.0,1,Ingressante,Ametista,7.451,10.0,8.3,7.5,5.1,8.5,8.3,5.0,-2.0,F,R,0,0,3,3.0,Positivo,Neutro,Neutro,,1.0,0.0,0.0,,0.0
ALUNO-1034,12.0,2.0,2,Veterano,Ametista,7.679,8.0,9.2,7.5,5.8,8.3,9.0,5.0,-1.0,M,R,0,1,3,3.0,Neutro,Positivo,Positivo,,0.0,1.0,1.0,,1.0
ALUNO-1035,11.0,1.0,1,Veterano,Ametista,7.718,9.5,7.9,6.9,6.0,8.8,9.6,5.0,-1.0,M,R,0,1,3,2.0,Positivo,Positivo,Positivo,,1.0,1.0,1.0,,1.0
ALUNO-1038,14.0,0.0,4,Ingressante,Ágata,6.619,8.3,6.1,0.0,6.5,8.0,7.3,10.0,0.0,F,R,0,0,2,4.0,Positivo,Positivo,Positivo,Positivo,1.0,1.0,1.0,1.0,1.0
ALUNO-1043,8.0,0.0,0,Ingressante,Topázio,8.367,9.5,10.0,7.5,6.8,7.5,7.8,10.0,0.0,M,R,0,0,4,0.0,Neutro,Neutro,,,0.0,0.0,,,0.0
ALUNO-1044,8.0,0.0,0,Ingressante,Topázio,8.250,9.0,10.0,7.5,5.5,7.5,8.8,10.0,0.0,M,B,0,0,4,0.0,Neutro,Neutro,,,0.0,0.0,,,0.0
ALUNO-1049,11.0,0.0,1,Ingressante,Ametista,7.457,7.9,8.8,7.5,6.0,8.5,8.1,5.0,-1.0,M,B,0,0,3,2.0,Positivo,Neutro,Neutro,,1.0,0.0,0.0,,0.0
ALUNO-1050,8.0,0.0,0,Ingressante,Topázio,8.788,10.0,10.0,7.5,6.9,7.5,9.5,10.0,0.0,F,P,0,1,4,0.0,Neutro,Neutro,,,0.0,0.0,,,0.0
ALUNO-1051,13.0,2.0,3,Veterano,Quartzo,3.599,0.0,1.7,7.5,1.3,6.9,2.9,10.0,0.0,F,R,0,0,1,3.0,Neutro,Neutro,,,0.0,0.0,,,0.0
ALUNO-1055,13.0,0.0,3,Ingressante,Ágata,6.421,7.5,4.7,5.0,4.7,7.7,7.6,10.0,0.0,F,R,0,0,2,3.0,Positivo,Positivo,Neutro,,1.0,1.0,0.0,,1.0
ALUNO-1057,13.0,0.0,3,Ingressante,Ametista,7.494,8.3,5.6,7.5,5.8,8.3,9.0,10.0,0.0,M,R,0,1,3,3.0,Positivo,Positivo,Positivo,,1.0,1.0,1.0,,1.0
ALUNO-1063,9.0,0.0,0,Ingressante,Quartzo,4.900,9.5,0.0,7.5,2.3,7.5,7.5,5.0,-1.0,F,R,0,0,1,1.0,,Neutro,,,,0.0,,,0.0
ALUNO-1064,11.0,0.0,0,Ingressante,Ágata,6.817,10.0,10.0,0.0,6.3,5.0,7.8,5.0,-2.0,M,R,0,0,2,2.0,Neutro,Neutro,,,0.0,0.0,,,0.0
ALUNO-1065,9.0,0.0,0,Ingressante,Ametista,8.000,9.5,10.0,7.5,7.0,7.5,8.3,5.0,-1.0,M,R,0,0,3,1.0,Neutro,Neutro,,,0.0,0.0,,,0.0
ALUNO-1066,13.0,0.0,3,Ingressante,Ágata,6.540,6.7,4.7,7.5,5.8,7.3,6.5,10.0,0.0,F,B,0,0,2,3.0,Neutro,Neutro,Neutro,,0.0,0.0,0.0,,0.0
ALUNO-1067,10.0,3.0,1,Veterano,Topázio,8.544,9.5,10.0,7.5,8.1,8.8,9.2,5.0,-1.0,F,B,0,1,4,2.0,Positivo,Positivo,Positivo,,1.0,1.0,1.0,,1.0
ALUNO-1068,17.0,0.0,6,Ingressante,Ametista,7.501,9.2,8.6,7.5,6.8,8.1,7.2,5.0,-1.0,M,R,0,0,3,7.0,Positivo,Positivo,Positivo,Positivo,1.0,1.0,1.0,1.0,1.0
ALUNO-1070,11.0,2.0,1,Veterano,Ametista,7.758,9.5,9.6,7.5,5.4,8.3,8.7,5.0,-1.0,M,R,0,0,3,2.0,Positivo,Positivo,Positivo,,1.0,1.0,1.0,,1.0
ALUNO-1071,13.0,0.0,2,Ingressante,Ametista,7.194,9.5,7.1,7.5,5.7,7.3,8.6,5.0,-1.0,F,R,0,0,3,3.0,Neutro,Positivo,Neutro,,0.0,1.0,0.0,,0.0
ALUNO-1072,13.0,1.0,3,Veterano,Ametista,7.033,9.2,5.3,7.5,4.6,7.5,8.2,10.0,0.0,F,B,0,0,3,3.0,Positivo,Positivo,Neutro,,1.0,1.0,0.0,,1.0
ALUNO-1073,11.0,0.0,1,Ingressante,Ametista,6.914,8.5,8.3,7.5,5.4,7.5,6.6,5.0,-1.0,M,B,0,0,3,2.0,Neutro,Neutro,Neutro,,0.0,0.0,0.0,,0.0
ALUNO-1075,15.0,5.0,5,Veterano,Ametista,7.859,7.5,7.2,7.5,6.3,7.8,9.4,10.0,0.0,F,R,1,1,3,5.0,Positivo,Positivo,Positivo,Neutro,1.0,1.0,1.0,0.0,1.0
ALUNO-1078,12.0,2.0,2,Veterano,Quartzo,4.450,9.0,1.7,8.1,0.0,7.7,5.7,5.0,-1.0,F,R,0,0,1,3.0,Neutro,Neutro,Neutro,,0.0,0.0,0.0,,0.0
ALUNO-1083,14.0,0.0,2,Ingressante,Quartzo,3.498,0.0,2.9,5.0,0.0,7.8,5.7,5.0,-2.0,F,R,0,0,1,4.0,Neutro,Neutro,,,0.0,0.0,,,0.0
ALUNO-1084,9.0,2.0,1,Veterano,Ametista,7.954,8.0,9.6,6.9,5.6,7.9,8.2,10.0,0.0,M,R,0,0,3,1.0,Neutro,Neutro,Neutro,,0.0,0.0,0.0,,0.0
ALUNO-1085,15.0,2.0,4,Ingressante,Ágata,6.234,8.8,7.5,7.5,3.9,7.3,5.5,5.0,-1.0,F,R,0,0,2,5.0,Positivo,Neutro,Positivo,Positivo,1.0,0.0,1.0,1.0,1.0
ALUNO-1086,11.0,0.0,0,Ingressante,Ametista,7.746,7.9,10.0,7.5,6.2,7.5,8.6,5.0,-2.0,M,B,0,0,3,2.0,Neutro,Neutro,,,0.0,0.0,,,0.0
ALUNO-1087,12.0,3.0,2,Veterano,Ametista,7.329,8.5,8.8,7.5,5.0,8.1,8.3,5.0,-1.0,F,R,0,0,3,3.0,Neutro,Positivo,Positivo,,0.0,1.0,1.0,,1.0
ALUNO-1089,11.0,2.0,1,Veterano,Ágata,5.653,9.0,2.9,7.5,3.6,7.5,7.2,5.0,-1.0,M,R,0,0,2,2.0,Neutro,Neutro,Neutro,,0.0,0.0,0.0,,0.0
ALUNO-1090,11.0,3.0,1,Veterano,Ametista,7.179,8.5,8.8,7.5,3.7,7.9,9.0,5.0,-1.0,F,R,0,1,3,2.0,Neutro,Neutro,Neutro,,0.0,0.0,0.0,,0.0
ALUNO-1093,17.0,5.0,6,Veterano,Ametista,7.225,7.9,7.2,7.5,5.4,8.0,6.8,10.0,3.0,F,R,1,0,3,3.0,Positivo,Positivo,Positivo,Positivo,1.0,1.0,1.0,1.0,1.0
ALUNO-1095,8.0,2.0,1,Veterano,Topázio,9.294,10.0,9.2,8.1,8.9,9.2,9.7,10.0,1.0,F,B,0,1,4,0.0,Positivo,Positivo,Positivo,,1.0,1.0,1.0,,1.0
ALUNO-1096,13.0,0.0,3,Veterano,Topázio,8.814,10.0,8.9,7.5,7.5,8.3,9.7,10.0,0.0,M,R,1,1,4,3.0,Positivo,Positivo,Positivo,,1.0,1.0,1.0,,1.0
ALUNO-1098,8.0,0.0,0,Ingressante,Topázio,8.313,10.0,10.0,7.5,5.3,7.5,8.8,10.0,0.0,F,R,0,0,4,0.0,Neutro,Neutro,,,0.0,0.0,,,0.0
ALUNO-1099,9.0,0.0,1,Ingressante,Topázio,8.331,10.0,9.6,6.3,5.9,8.1,8.9,10.0,0.0,F,R,0,0,4,1.0,Positivo,Neutro,Neutro,,1.0,0.0,0.0,,0.0
ALUNO-1103,14.0,5.0,2,Veterano,Quartzo,4.000,0.0,2.9,5.6,3.3,6.0,5.5,5.0,-2.0,F,R,0,0,1,4.0,Neutro,Positivo,Neutro,,0.0,1.0,0.0,,0.0
ALUNO-1104,11.0,0.0,1,Ingressante,Ametista,6.889,9.5,7.9,7.5,3.6,7.9,7.9,5.0,-1.0,M,B,0,0,3,2.0,Positivo,Neutro,Neutro,,1.0,0.0,0.0,,0.0
ALUNO-1105,12.0,5.0,2,Veterano,Ágata,6.621,9.5,6.3,6.3,5.5,7.3,7.3,5.0,-1.0,F,B,0,0,2,3.0,Neutro,Neutro,Neutro,,0.0,0.0,0.0,,0.0
ALUNO-1107,13.0,0.0,2,Ingressante,Ametista,8.217,10.0,9.6,7.5,8.0,7.5,8.5,5.0,-1.0,F,B,0,0,3,3.0,Positivo,Positivo,Positivo,,1.0,1.0,1.0,,1.0
ALUNO-1110,11.0,2.0,2,Veterano,Ágata,6.871,9.0,5.4,7.5,5.1,6.5,7.3,10.0,0.0,F,B,0,0,2,2.0,Neutro,Neutro,Neutro,,0.0,0.0,0.0,,0.0
ALUNO-1112,17.0,3.0,7,Veterano,Ametista,7.242,8.3,7.2,6.3,6.5,7.8,6.3,10.0,0.0,F,B,1,0,3,7.0,Neutro,Positivo,Positivo,Positivo,0.0,1.0,1.0,1.0,1.0
ALUNO-1114,13.0,0.0,3,Ingressante,Ágata,6.376,7.5,4.4,7.5,6.5,6.9,5.0,10.0,0.0,M,B,0,0,2,3.0,Neutro,Neutro,Neutro,,0.0,0.0,0.0,,0.0
ALUNO-1115,13.0,0.0,1,Ingressante,Quartzo,3.638,0.0,1.7,6.9,0.4,7.1,6.7,5.0,-2.0,M,R,0,0,1,3.0,Neutro,Neutro,Neutro,,0.0,0.0,0.0,,0.0
ALUNO-1117,8.0,0.0,0,Ingressante,Ametista,7.129,9.5,8.3,0.0,6.8,7.5,7.0,10.0,0.0,M,B,0,0,3,0.0,Neutro,Neutro,,,0.0,0.0,,,0.0
ALUNO-1119,9.0,2.0,2,Veterano,Ametista,7.383,10.0,5.8,7.5,5.6,7.1,8.2,10.0,1.0,M,P,0,0,3,1.0,Neutro,Positivo,Neutro,,0.0,1.0,0.0,,0.0
ALUNO-1122,14.0,0.0,4,Ingressante,Ametista,7.906,8.8,5.8,7.5,8.4,7.8,8.3,10.0,0.0,F,R,0,0,3,4.0,Positivo,Positivo,Positivo,Positivo,1.0,1.0,1.0,1.0,1.0
ALUNO-1123,16.0,2.0,4,Ingressante,Ametista,7.634,7.5,8.6,6.3,7.5,8.3,8.5,5.0,-2.0,F,B,1,0,3,6.0,Positivo,Positivo,Positivo,Positivo,1.0,1.0,1.0,1.0,1.0
ALUNO-1124,16.0,0.0,4,Ingressante,Ametista,7.264,7.9,8.6,5.6,6.0,8.1,8.4,5.0,-2.0,F,B,0,0,3,6.0,Positivo,Positivo,Positivo,Positivo,1.0,1.0,1.0,1.0,1.0
ALUNO-1126,14.0,0.0,3,Ingressante,Quartzo,5.047,7.1,3.3,7.5,4.0,6.7,4.8,5.0,-1.0,F,P,0,0,1,4.0,Neutro,Neutro,Neutro,,0.0,0.0,0.0,,0.0
ALUNO-1127,13.0,3.0,3,Veterano,Ametista,7.547,9.2,7.8,6.3,5.5,7.9,7.8,10.0,0.0,M,R,1,0,3,3.0,Positivo,Positivo,Neutro,,1.0,1.0,0.0,,1.0
ALUNO-1128,15.0,3.0,4,Veterano,Ametista,7.961,9.2,8.9,5.0,8.1,8.8,8.9,5.0,-1.0,F,B,1,0,3,5.0,Positivo,Positivo,Positivo,Positivo,1.0,1.0,1.0,1.0,1.0
ALUNO-1129,11.0,2.0,2,Veterano,Ametista,7.261,6.8,7.9,6.9,4.6,7.7,8.1,10.0,0.0,M,B,0,0,3,2.0,Neutro,Positivo,Neutro,,0.0,1.0,0.0,,0.0
ALUNO-1130,12.0,2.0,2,Veterano,Topázio,9.107,10.0,10.0,7.5,9.5,9.8,9.9,5.0,-1.0,M,B,1,1,4,3.0,Positivo,Positivo,Positivo,,1.0,1.0,1.0,,1.0
ALUNO-1131,14.0,2.0,3,Veterano,Ágata,5.774,7.1,5.6,7.5,4.1,6.9,6.0,5.0,-1.0,M,B,0,0,2,4.0,Neutro,Negativo,Neutro,,0.0,-1.0,0.0,,0.0
ALUNO-1132,18.0,2.0,7,Veterano,Ametista,7.584,7.1,8.6,7.5,8.0,8.3,7.4,5.0,-1.0,M,B,1,0,3,8.0,Positivo,Positivo,Positivo,Positivo,1.0,1.0,1.0,1.0,1.0
ALUNO-1136,15.0,2.0,4,Veterano,Topázio,8.292,8.8,9.2,7.5,8.2,8.8,9.1,5.0,-1.0,F,P,0,1,4,5.0,Positivo,Positivo,Positivo,Positivo,1.0,1.0,1.0,1.0,1.0
ALUNO-1139,13.0,2.0,3,Veterano,Ágata,6.497,8.8,5.8,7.5,5.0,7.5,7.3,5.0,-1.0,F,B,0,0,2,4.0,Positivo,Positivo,Neutro,,1.0,1.0,0.0,,1.0
ALUNO-1140,17.0,0.0,5,Ingressante,Ágata,6.545,7.5,6.1,7.5,5.5,7.8,7.2,5.0,-2.0,F,R,0,0,2,7.0,Positivo,Negativo,Positivo,Neutro,1.0,-1.0,1.0,0.0,1.0
ALUNO-1141,14.0,2.0,2,Veterano,Ametista,6.969,7.4,5.0,7.5,6.9,8.1,8.9,5.0,-2.0,F,B,0,0,3,4.0,Positivo,Positivo,Positivo,,1.0,1.0,1.0,,1.0
ALUNO-1143,9.0,0.0,0,Ingressante,Ametista,7.154,8.5,10.0,3.8,6.3,7.5,7.1,5.0,-1.0,F,R,0,0,3,1.0,Neutro,Neutro,,,0.0,0.0,,,0.0
ALUNO-1146,13.0,0.0,3,Ingressante,Ametista,7.775,9.6,7.2,7.5,6.1,7.5,8.3,10.0,0.0,M,B,0,0,3,3.0,Positivo,Positivo,Neutro,,1.0,1.0,0.0,,1.0
ALUNO-1147,16.0,0.0,5,Ingressante,Ametista,8.181,9.6,8.1,7.5,8.9,8.8,8.6,5.0,-1.0,F,R,0,0,3,6.0,Positivo,Positivo,Positivo,Positivo,1.0,1.0,1.0,1.0,1.0
ALUNO-1149,11.0,2.0,0,Veterano,Ágata,5.825,9.0,4.2,7.5,5.4,5.0,6.3,5.0,-2.0,M,B,0,0,2,2.0,Positivo,Neutro,,,1.0,0.0,,,1.0
ALUNO-1150,10.0,3.0,1,Veterano,Ametista,7.318,8.0,8.8,7.5,5.8,8.3,7.6,5.0,-1.0,M,R,0,0,3,2.0,Neutro,Neutro,Neutro,,0.0,0.0,0.0,,0.0
ALUNO-1151,14.0,0.0,3,Ingressante,Ágata,5.931,0.0,5.3,7.5,7.8,7.9,6.3,5.0,-1.0,F,B,0,0,2,4.0,Positivo,Positivo,Positivo,,1.0,1.0,1.0,,1.0
ALUNO-1155,8.0,0.0,0,Ingressante,Topázio,9.048,9.5,10.0,7.5,7.7,8.4,9.8,10.0,0.0,F,B,0,1,4,0.0,Positivo,Positivo,,,1.0,1.0,,,1.0
ALUNO-1156,14.0,2.0,4,Ingressante,Ágata,6.730,8.8,5.3,5.6,6.5,7.0,6.2,10.0,0.0,M,P,0,0,2,4.0,Positivo,Neutro,Positivo,Neutro,1.0,0.0,1.0,0.0,1.0
ALUNO-1157,8.0,0.0,0,Ingressante,Ametista,7.629,7.5,6.7,7.5,7.1,7.5,8.2,10.0,0.0,F,R,0,0,3,0.0,Neutro,Neutro,,,0.0,0.0,,,0.0
ALUNO-1159,16.0,2.0,5,Veterano,Ametista,8.014,8.8,8.3,7.5,8.6,8.3,8.4,5.0,-1.0,F,B,1,0,3,6.0,Positivo,Positivo,Positivo,Positivo,1.0,1.0,1.0,1.0,1.0
ALUNO-1160,14.0,0.0,4,Ingressante,Ametista,7.130,7.9,5.8,7.5,5.8,8.0,7.4,10.0,0.0,F,B,0,0,3,4.0,Positivo,Positivo,Positivo,Neutro,1.0,1.0,1.0,0.0,1.0
ALUNO-1161,15.0,3.0,3,Veterano,Ágata,6.458,7.9,6.1,3.8,6.9,5.8,8.1,5.0,-2.0,F,B,0,0,2,5.0,Positivo,Positivo,Positivo,,1.0,1.0,1.0,,1.0
ALUNO-1164,9.0,0.0,0,Ingressante,Ágata,6.571,9.0,5.0,7.5,6.2,7.5,7.2,5.0,-1.0,F,B,0,0,2,1.0,Neutro,Neutro,,,0.0,0.0,,,0.0
ALUNO-1165,14.0,2.0,3,Veterano,Ametista,7.765,7.9,8.6,7.5,7.2,7.7,8.9,5.0,-1.0,M,R,0,0,3,4.0,Positivo,Positivo,Positivo,,1.0,1.0,1.0,,1.0
ALUNO-1166,14.0,4.0,2,Veterano,Quartzo,3.979,0.0,2.1,6.9,3.5,5.4,5.7,5.0,-2.0,F,P,0,0,1,4.0,Neutro,Neutro,Neutro,,0.0,0.0,0.0,,0.0
ALUNO-1167,10.0,2.0,2,Veterano,Ágata,6.294,10.0,6.3,7.5,1.8,6.9,6.2,10.0,0.0,M,B,0,0,2,2.0,Neutro,Neutro,Neutro,,0.0,0.0,0.0,,0.0
ALUNO-1168,12.0,1.0,1,Veterano,Ametista,8.104,9.5,9.6,7.5,6.9,8.1,9.0,5.0,-2.0,F,P,0,1,3,3.0,Positivo,Neutro,Positivo,,1.0,0.0,1.0,,1.0
ALUNO-1170,10.0,2.0,1,Veterano,Quartzo,4.275,9.5,1.3,8.1,0.0,7.3,5.2,5.0,-1.0,M,B,0,0,1,2.0,Neutro,Neutro,Neutro,,0.0,0.0,0.0,,0.0
ALUNO-1171,13.0,2.0,3,Veterano,Topázio,9.025,8.8,8.9,6.3,9.2,9.2,9.9,10.0,0.0,F,P,1,1,4,3.0,Positivo,Positivo,Positivo,,1.0,1.0,1.0,,1.0
ALUNO-1174,16.0,2.0,6,Veterano,Ágata,6.775,8.3,7.2,3.8,6.0,6.7,6.3,10.0,0.0,F,R,1,0,2,6.0,Neutro,Positivo,Positivo,Positivo,0.0,1.0,1.0,1.0,1.0
ALUNO-1175,11.0,1.0,1,Veterano,Ágata,5.915,8.0,6.3,7.5,2.2,8.4,6.7,5.0,-1.0,M,B,0,0,2,2.0,,Neutro,Neutro,,,0.0,0.0,,0.0
ALUNO-1176,16.0,4.0,5,Veterano,Ametista,8.003,9.2,6.9,8.1,8.5,8.4,9.3,5.0,-1.0,M,B,1,1,3,6.0,Positivo,Positivo,Positivo,Positivo,1.0,1.0,1.0,1.0,1.0
ALUNO-1181,11.0,2.0,1,Veterano,Ametista,7.961,9.0,9.6,5.6,7.6,8.1,8.7,5.0,-1.0,F,B,0,0,3,2.0,Positivo,Neutro,Neutro,,1.0,0.0,0.0,,0.0
ALUNO-1182,8.0,0.0,0,Ingressante,Ametista,7.006,7.4,8.3,7.5,4.4,6.6,6.6,10.0,0.0,M,B,0,0,3,0.0,Neutro,Neutro,,,0.0,0.0,,,0.0
ALUNO-1183,11.0,0.0,1,Ingressante,Ametista,7.614,8.5,9.2,7.5,6.4,7.5,8.3,5.0,-1.0,F,B,0,0,3,2.0,Positivo,Neutro,Neutro,,1.0,0.0,0.0,,0.0
ALUNO-1190,12.0,2.0,2,Veterano,Ametista,7.554,8.5,8.8,7.5,6.1,8.1,8.3,5.0,-1.0,F,B,0,0,3,3.0,Positivo,Positivo,Positivo,,1.0,1.0,1.0,,1.0
ALUNO-1191,13.0,4.0,3,Ingressante,Quartzo,4.615,7.5,2.5,4.4,1.9,7.1,4.2,10.0,0.0,M,B,1,0,1,3.0,Neutro,Positivo,Neutro,,0.0,1.0,0.0,,0.0
ALUNO-1195,12.0,1.0,3,Veterano,Topázio,8.322,9.2,8.6,7.5,7.4,7.9,8.3,10.0,0.0,F,B,0,0,4,3.0,Positivo,Positivo,Positivo,,1.0,1.0,1.0,,1.0
ALUNO-1196,,0.0,7,Ingressante,Ametista,7.892,9.2,6.9,7.5,6.1,8.3,9.0,10.0,0.0,F,P,0,0,3,,Positivo,Positivo,Positivo,Positivo,1.0,1.0,1.0,1.0,1.0
ALUNO-1197,17.0,5.0,7,Veterano,Ametista,8.040,8.3,8.3,7.5,7.8,7.8,7.3,10.0,0.0,M,B,1,0,3,7.0,Positivo,Positivo,Positivo,Positivo,1.0,1.0,1.0,1.0,1.0
ALUNO-1198,12.0,1.0,2,Veterano,Quartzo,4.814,9.5,3.3,5.0,2.4,6.7,5.3,5.0,-1.0,F,B,0,0,1,3.0,Negativo,Neutro,Neutro,,-1.0,0.0,0.0,,0.0
ALUNO-1199,9.0,0.0,0,Ingressante,Ametista,7.025,8.5,8.3,7.5,4.9,7.5,7.7,5.0,-1.0,M,B,0,0,3,1.0,Neutro,Neutro,,,0.0,0.0,,,0.0
ALUNO-1201,17.0,0.0,7,Veterano,Ametista,7.031,7.1,6.1,5.6,6.5,8.1,7.1,10.0,0.0,F,R,1,0,3,7.0,Positivo,Positivo,Positivo,Positivo,1.0,1.0,1.0,1.0,1.0
ALUNO-1204,9.0,0.0,1,Ingressante,Topázio,8.797,10.0,9.6,7.5,6.9,8.3,9.6,10.0,0.0,F,R,0,1,4,1.0,Positivo,Neutro,Positivo,,1.0,0.0,1.0,,1.0
ALUNO-1205,10.0,2.0,2,Veterano,Ametista,8.040,8.5,9.2,7.5,5.5,7.3,8.9,10.0,0.0,F,B,0,0,3,2.0,Neutro,Positivo,Neutro,,0.0,1.0,0.0,,0.0
ALUNO-1206,8.0,0.0,0,Ingressante,Topázio,8.871,8.5,10.0,7.5,7.6,8.1,9.7,10.0,0.0,M,R,0,1,4,0.0,Positivo,Positivo,,,1.0,1.0,,,1.0
ALUNO-1210,8.0,0.0,0,Ingressante,Topázio,8.250,8.0,10.0,7.5,6.8,7.5,8.0,10.0,0.0,M,R,0,0,4,0.0,Neutro,Neutro,,,0.0,0.0,,,0.0
ALUNO-1211,8.0,0.0,0,Ingressante,Ágata,6.748,8.4,6.7,7.5,4.8,6.6,6.1,10.0,0.0,F,R,0,0,2,0.0,Neutro,Neutro,,,0.0,0.0,,,0.0
ALUNO-1212,11.0,0.0,1,Ingressante,Ágata,5.703,9.0,4.2,6.3,3.3,7.5,7.2,5.0,-1.0,F,R,0,0,2,2.0,Positivo,Neutro,Neutro,,1.0,0.0,0.0,,0.0
ALUNO-1214,11.0,0.0,1,Ingressante,Ametista,7.496,10.0,10.0,7.5,3.0,8.1,9.2,5.0,-1.0,F,B,0,1,3,2.0,Neutro,Neutro,Positivo,,0.0,0.0,1.0,,0.0
ALUNO-1215,11.0,2.0,1,Ingressante,Ametista,7.401,9.5,10.0,2.5,6.3,7.5,8.4,5.0,-1.0,M,B,0,0,3,2.0,Positivo,Neutro,Neutro,,1.0,0.0,0.0,,0.0
ALUNO-1217,14.0,5.0,3,Veterano,Ametista,8.181,8.8,8.6,7.5,7.6,9.2,9.5,5.0,-1.0,M,R,1,1,3,4.0,Positivo,Positivo,Positivo,,1.0,1.0,1.0,,1.0
ALUNO-1219,14.0,4.0,5,Veterano,Ametista,8.201,7.9,7.5,7.5,7.9,8.6,8.6,10.0,1.0,M,P,1,0,3,4.0,Positivo,Positivo,Positivo,Neutro,1.0,1.0,1.0,0.0,1.0
ALUNO-1221,13.0,0.0,2,Ingressante,Topázio,8.618,9.0,10.0,7.5,8.0,9.8,9.4,5.0,-1.0,M,R,0,1,4,3.0,Positivo,Positivo,Positivo,,1.0,1.0,1.0,,1.0
ALUNO-1223,12.0,2.0,2,Veterano,Ágata,6.779,6.8,8.3,8.1,4.7,8.1,6.8,5.0,-1.0,F,B,0,0,2,3.0,Neutro,Neutro,Neutro,,0.0,0.0,0.0,,0.0
ALUNO-1226,12.0,2.0,2,Veterano,Ágata,6.621,5.3,8.3,8.1,4.7,8.1,6.8,5.0,-1.0,M,R,0,0,2,3.0,Neutro,Neutro,Neutro,,0.0,0.0,0.0,,0.0
ALUNO-1228,12.0,2.0,3,Veterano,Quartzo,3.603,0.0,0.6,7.5,3.1,6.3,2.5,10.0,0.0,F,B,0,0,1,3.0,Neutro,Neutro,,,0.0,0.0,,,0.0
ALUNO-1229,10.0,3.0,1,Veterano,Ágata,5.588,9.5,5.8,4.4,0.7,8.1,7.9,5.0,-1.0,F,R,0,0,2,2.0,,Neutro,Neutro,,,0.0,0.0,,0.0
ALUNO-1230,13.0,4.0,4,Veterano,Ametista,7.714,7.1,8.6,6.9,5.8,8.1,8.1,10.0,1.0,M,B,1,0,3,3.0,Positivo,Positivo,Positivo,Positivo,1.0,1.0,1.0,1.0,1.0
ALUNO-1231,13.0,4.0,2,Veterano,Quartzo,4.133,0.0,1.7,6.3,3.1,7.5,6.5,5.0,-1.0,F,R,0,0,1,3.0,Neutro,Neutro,,,0.0,0.0,,,0.0
ALUNO-1232,13.0,2.0,2,Veterano,Quartzo,2.717,0.0,0.8,7.5,0.9,6.3,2.5,5.0,-1.0,M,R,0,0,1,3.0,Neutro,Neutro,,,0.0,0.0,,,0.0
ALUNO-1233,15.0,4.0,5,Veterano,Ametista,7.416,9.6,6.7,5.0,7.8,7.7,6.5,10.0,0.0,M,P,1,0,3,5.0,Neutro,Positivo,Positivo,Positivo,0.0,1.0,1.0,1.0,1.0
ALUNO-1234,8.0,0.0,0,Ingressante,Ametista,7.229,8.5,6.7,7.5,5.6,7.5,7.2,10.0,0.0,F,B,0,0,3,0.0,Neutro,Neutro,,,0.0,0.0,,,0.0
ALUNO-1237,14.0,2.0,3,Ingressante,Quartzo,4.372,6.7,2.2,7.5,2.3,7.1,4.2,5.0,-1.0,M,R,0,0,1,4.0,Neutro,Neutro,Neutro,,0.0,0.0,0.0,,0.0
ALUNO-1239,11.0,0.0,1,Ingressante,Ágata,5.574,8.5,5.8,7.5,2.0,7.3,5.9,5.0,-1.0,F,B,0,0,2,2.0,Neutro,Neutro,Neutro,,0.0,0.0,0.0,,0.0
ALUNO-1240,13.0,0.0,2,Ingressante,Ametista,6.917,7.4,7.9,7.5,4.3,7.9,8.5,5.0,-1.0,M,R,0,0,3,3.0,Neutro,Positivo,Neutro,,0.0,1.0,0.0,,0.0
ALUNO-1242,11.0,0.0,1,Ingressante,Quartzo,5.507,7.4,4.6,7.5,2.4,8.1,6.6,5.0,-1.0,M,B,0,0,1,2.0,Neutro,Neutro,Neutro,,0.0,0.0,0.0,,0.0
ALUNO-1244,10.0,2.0,1,Veterano,Ametista,7.389,10.0,8.8,7.5,5.8,7.5,7.4,5.0,-1.0,F,P,0,0,3,2.0,Neutro,Neutro,Neutro,,0.0,0.0,0.0,,0.0
ALUNO-1248,14.0,4.0,3,Veterano,Ágata,6.047,9.2,3.9,5.6,6.5,7.7,6.1,5.0,-1.0,F,B,1,0,2,4.0,Positivo,Positivo,Positivo,,1.0,1.0,1.0,,1.0
ALUNO-1250,14.0,2.0,3,Veterano,Ágata,6.343,6.7,5.8,6.9,5.8,7.5,7.1,5.0,-1.0,F,P,0,0,2,4.0,Positivo,Positivo,Positivo,,1.0,1.0,1.0,,1.0
ALUNO-1251,15.0,1.0,3,Veterano,Ametista,7.789,8.8,7.2,6.3,8.1,7.5,7.4,10.0,0.0,M,B,0,0,3,3.0,Positivo,Neutro,Positivo,,1.0,0.0,1.0,,1.0
ALUNO-1254,13.0,3.0,3,Veterano,Ametista,7.379,9.2,5.8,7.5,6.8,7.5,7.2,10.0,0.0,F,P,0,0,3,3.0,Positivo,Positivo,Neutro,,1.0,1.0,0.0,,1.0
ALUNO-1256,16.0,3.0,5,Veterano,Ágata,6.541,9.2,7.5,7.5,3.6,7.7,6.9,5.0,-1.0,M,B,0,0,2,6.0,Positivo,Positivo,Positivo,Neutro,1.0,1.0,1.0,0.0,1.0
ALUNO-1260,11.0,1.0,1,Veterano,Ágata,6.163,9.0,5.0,7.5,3.9,7.7,7.3,5.0,-1.0,F,B,0,0,2,2.0,Neutro,Neutro,Neutro,,0.0,0.0,0.0,,0.0
ALUNO-1264,11.0,2.0,2,Veterano,Ágata,6.254,8.0,4.2,8.1,3.1,7.3,7.3,10.0,0.0,M,B,0,0,2,2.0,Neutro,Positivo,Neutro,,0.0,1.0,0.0,,0.0
ALUNO-1266,13.0,3.0,3,Ingressante,Quartzo,4.817,10.0,3.3,5.6,1.8,6.9,2.8,10.0,0.0,M,R,0,0,1,3.0,Neutro,Positivo,,,0.0,1.0,,,0.0
ALUNO-1268,11.0,0.0,1,Ingressante,Ametista,6.978,8.0,7.5,7.5,5.0,7.5,8.4,5.0,-1.0,F,R,0,0,3,2.0,Positivo,Neutro,Neutro,,1.0,0.0,0.0,,0.0
ALUNO-1275,10.0,2.0,1,Veterano,Topázio,8.468,9.5,9.6,7.5,7.8,8.3,9.8,5.0,-1.0,F,B,0,1,4,2.0,Positivo,Neutro,Positivo,,1.0,0.0,1.0,,1.0
ALUNO-1278,10.0,2.0,0,Veterano,Ágata,5.671,8.0,4.2,7.5,4.6,6.3,6.2,5.0,-2.0,F,R,0,0,2,2.0,Positivo,Neutro,,,1.0,0.0,,,1.0
ALUNO-1279,15.0,0.0,5,Ingressante,Quartzo,4.729,8.3,1.9,0.0,3.8,7.3,5.1,10.0,0.0,F,R,0,0,1,5.0,Positivo,Neutro,Positivo,Neutro,1.0,0.0,1.0,0.0,1.0
ALUNO-1285,9.0,1.0,1,Veterano,Topázio,8.407,9.0,10.0,7.5,5.9,7.7,9.1,10.0,0.0,F,B,0,1,4,1.0,Positivo,Neutro,Positivo,,1.0,0.0,1.0,,1.0
ALUNO-1286,8.0,0.0,0,Ingressante,Ametista,8.015,10.0,8.3,7.5,6.5,7.8,7.6,10.0,0.0,M,B,0,0,3,0.0,Neutro,Positivo,,,0.0,1.0,,,0.0
ALUNO-1287,11.0,1.0,0,Veterano,Ametista,7.546,8.0,10.0,7.5,5.3,7.5,8.4,5.0,-2.0,F,R,0,0,3,2.0,Positivo,Neutro,,,1.0,0.0,,,1.0
ALUNO-1288,17.0,5.0,7,Veterano,Ágata,6.787,8.8,7.2,5.6,5.8,6.7,5.4,10.0,0.0,M,B,1,0,2,7.0,Neutro,Positivo,Positivo,Positivo,0.0,1.0,1.0,1.0,1.0
ALUNO-1289,13.0,1.0,2,Veterano,Ágata,6.860,8.5,7.9,7.5,4.8,7.9,7.1,5.0,-1.0,M,R,0,0,2,3.0,Neutro,Neutro,Neutro,,0.0,0.0,0.0,,0.0
ALUNO-1292,12.0,2.0,3,Veterano,Topázio,8.614,9.6,9.7,7.5,6.7,8.8,8.7,10.0,0.0,M,P,1,0,4,3.0,Positivo,Positivo,Positivo,,1.0,1.0,1.0,,1.0
ALUNO-1296,11.0,2.0,1,Veterano,Ágata,6.844,9.5,8.8,7.5,3.5,7.5,7.2,5.0,-1.0,M,B,0,0,2,2.0,Positivo,Neutro,Neutro,,1.0,0.0,0.0,,0.0
ALUNO-1298,9.0,2.0,0,Veterano,Ametista,7.521,10.0,8.3,7.5,6.4,7.5,7.8,5.0,-1.0,F,B,0,0,3,1.0,Neutro,Neutro,,,0.0,0.0,,,0.0
ALUNO-1299,15.0,4.0,7,Veterano,Ametista,7.936,7.1,8.3,7.5,7.2,8.3,7.8,10.0,0.0,M,B,1,0,3,7.0,Positivo,Positivo,Positivo,Positivo,1.0,1.0,1.0,1.0,1.0
ALUNO-1300,11.0,0.0,1,Ingressante,Ametista,7.297,9.0,8.8,7.5,5.3,7.9,7.8,5.0,-1.0,M,P,0,0,3,2.0,Neutro,Neutro,Positivo,,0.0,0.0,1.0,,0.0
ALUNO-1301,13.0,0.0,3,Ingressante,Ametista,7.983,9.6,7.5,7.5,6.0,8.3,8.7,10.0,0.0,F,B,0,0,3,3.0,Positivo,Neutro,Positivo,,1.0,0.0,1.0,,1.0
ALUNO-1302,12.0,2.0,1,Veterano,Quartzo,3.827,0.0,3.3,7.5,0.6,7.2,5.3,5.0,-2.0,M,R,0,0,1,3.0,Neutro,Neutro,Neutro,,0.0,0.0,0.0,,0.0
ALUNO-1307,11.0,0.0,2,Ingressante,Ametista,6.917,7.0,6.7,7.5,4.8,7.5,7.2,10.0,0.0,F,N,0,0,3,2.0,Neutro,Neutro,Neutro,,0.0,0.0,0.0,,0.0
ALUNO-1308,14.0,0.0,3,Ingressante,Quartzo,4.892,7.1,3.3,2.5,2.3,7.5,7.8,5.0,-1.0,F,N,0,0,1,4.0,Positivo,Positivo,Neutro,,1.0,1.0,0.0,,1.0
ALUNO-1310,13.0,0.0,3,Ingressante,Ágata,6.625,9.2,5.3,7.5,3.5,7.5,7.2,10.0,0.0,F,R,0,0,2,3.0,Neutro,Positivo,Neutro,,0.0,1.0,0.0,,0.0
ALUNO-1315,13.0,5.0,2,Veterano,Quartzo,5.075,8.9,3.8,4.4,4.3,5.0,5.7,5.0,-1.0,F,N,1,0,1,3.0,Neutro,Neutro,Neutro,,0.0,0.0,0.0,,0.0
ALUNO-1319,11.0,2.0,2,Veterano,Ametista,7.572,6.4,8.3,5.0,6.3,8.1,8.4,10.0,0.0,M,B,0,0,3,2.0,Positivo,Positivo,Neutro,,1.0,1.0,0.0,,1.0
ALUNO-1323,11.0,2.0,2,Veterano,Ametista,7.518,8.0,8.8,5.6,5.1,7.9,7.9,10.0,0.0,M,P,0,0,3,2.0,Neutro,Positivo,Neutro,,0.0,1.0,0.0,,0.0
ALUNO-1324,11.0,3.0,2,Veterano,Ametista,7.186,8.5,8.8,7.5,3.4,7.5,7.1,10.0,0.0,M,B,0,0,3,2.0,Negativo,Neutro,Neutro,,-1.0,0.0,0.0,,0.0
ALUNO-1326,14.0,0.0,2,Veterano,Quartzo,4.396,9.0,3.8,5.6,1.3,6.9,3.7,5.0,-2.0,F,B,0,0,1,4.0,Neutro,,Neutro,,0.0,,0.0,,0.0
ALUNO-1330,15.0,2.0,4,Veterano,Ametista,7.117,8.8,8.3,7.5,5.5,7.5,7.3,5.0,-1.0,M,R,0,0,3,5.0,Positivo,Neutro,Positivo,Neutro,1.0,0.0,1.0,0.0,1.0
ALUNO-1332,8.0,0.0,0,Ingressante,Topázio,8.775,10.0,10.0,7.5,6.6,7.5,9.8,10.0,0.0,F,R,0,1,4,0.0,Neutro,Neutro,,,0.0,0.0,,,0.0
ALUNO-1334,8.0,0.0,0,Ingressante,Topázio,8.821,8.5,10.0,7.5,7.4,8.1,9.7,10.0,0.0,M,R,0,1,4,0.0,Positivo,Positivo,,,1.0,1.0,,,1.0
ALUNO-1335,11.0,0.0,2,Ingressante,Quartzo,4.831,0.0,3.8,7.5,3.4,6.7,4.9,10.0,0.0,M,R,1,0,1,2.0,Neutro,Neutro,Neutro,,0.0,0.0,0.0,,0.0
ALUNO-1338,11.0,2.0,2,Veterano,Ágata,6.511,7.9,2.1,7.5,5.2,7.7,8.7,10.0,0.0,F,B,0,0,2,2.0,Positivo,Positivo,Neutro,,1.0,1.0,0.0,,1.0
ALUNO-1343,12.0,3.0,2,Veterano,Quartzo,3.996,10.0,1.3,5.6,1.3,6.9,3.7,5.0,-1.0,M,B,0,0,1,3.0,Neutro,,Neutro,,0.0,,0.0,,0.0
ALUNO-1344,15.0,3.0,2,Veterano,Ágata,5.664,9.5,5.8,5.6,2.0,8.1,7.6,2.5,-3.0,F,B,0,0,2,5.0,Neutro,Positivo,Neutro,,0.0,1.0,0.0,,0.0
ALUNO-1345,9.0,0.0,0,Ingressante,Ágata,6.606,9.0,6.7,7.5,4.9,7.2,7.1,5.0,-1.0,M,N,0,0,2,1.0,Neutro,Neutro,,,0.0,0.0,,,0.0
ALUNO-1348,14.0,3.0,3,Veterano,Ametista,7.422,7.5,8.6,6.3,6.9,7.5,8.5,5.0,-1.0,F,N,1,0,3,4.0,Positivo,Positivo,Positivo,,1.0,1.0,1.0,,1.0
